problem_id,initial_prompt,initial_response,initial_runtime,modified_prompt,modified_response,modified_runtime
6,"Wie groß ist die Summe aller fünfstelligen Zahlen, die man aus den Ziffern 1, 2, 3, 4 und 5 bilden kann? Jede Ziffer darf in jeder Zahl nur einmal verwendet werden. Please do not show any steps; just provide the final solution.",666660000,0.6786069869995117,"Wie groß ist die Summe aller fünfstelligen Zahlen, die man aus den Ziffern 1, 2, 3, 4 und 5 bilden kann? Jede Ziffer darf in jeder Zahl nur einmal verwendet werden. Show me your steps to the solution. Carefully think through this step-by-step till you reach the end needed answer.","To find the sum of all five-digit numbers that can be formed using the digits 1, 2, 3, 4, and 5, we need to consider all possible permutations of these digits.

Step 1: Calculate the total number of permutations
There are 5 digits to choose from for the first position, 4 for the second position, 3 for the third position, 2 for the fourth position, and 1 for the fifth position. Therefore, the total number of permutations is 5! = 5 x 4 x 3 x 2 x 1 = 120.

Step 2: Calculate the sum of all permutations
To find the sum of all permutations, we need to consider the possible values for each position.

For the first position:
- The digit 1 can be in the first position in 4! = 24 permutations.
- The digit 2 can be in the first position in 4! = 24 permutations.
- The digit 3 can be in the first position in 4! = 24 permutations.
- The digit 4 can be in the first position in 4! = 24 permutations.
- The digit 5 can be in the first position in 4! = 24 permutations.

Therefore, the sum of all permutations for the first position is:
1 x 24 + 2 x 24 + 3 x 24 + 4 x 24 + 5 x 24 = 24 x (1 + 2 + 3 + 4 + 5) = 24 x 15 = 360.

Step 3: Calculate the total sum of all five-digit numbers
Since there are 120 permutations in total, the total sum of all five-digit numbers is:
120 x 360 = 43200.

Therefore, the sum of all five-digit numbers that can be formed using the digits 1, 2, 3, 4, and 5 is 43200.",6.32874608039856
8,Um wie viel ist die Summe der ungeraden sechsstelligen Zahlen größer als die Summe der geraden sechsstelligen Zahlen? Please do not show any steps; just provide the final solution.,25000000,0.578538179397583,Um wie viel ist die Summe der ungeraden sechsstelligen Zahlen größer als die Summe der geraden sechsstelligen Zahlen? Show me your steps to the solution. Carefully think through this step-by-step till you reach the end needed answer.,"Zuerst müssen wir die Formel für die Summe der ungeraden und geraden Zahlen ableiten.

Die Formel für die Summe der ungeraden Zahlen bis n ist n^2. 
Die Formel für die Summe der geraden Zahlen bis n ist n(n+1).

Da wir nach der Summe der sechsstelligen Zahlen fragen, müssen wir die Formeln auf die sechsstelligen Zahlen anwenden.

Die größte sechsstellige Zahl ist 999999.
Die größte ungerade sechsstellige Zahl ist 999999, da die letzte Ziffer ungerade ist.
Die größte gerade sechsstellige Zahl ist 999998, da die letzte Ziffer gerade ist.

Um die Summe der ungeraden sechsstellige Zahlen zu berechnen, setzen wir n = 999999 in die Formel n^2 ein:
Summe der ungeraden sechsstellige Zahlen = 999999^2 = 999998000001

Um die Summe der geraden sechsstellige Zahlen zu berechnen, setzen wir n = 999998 in die Formel n(n+1) ein:
Summe der geraden sechsstellige Zahlen = 999998 * (999998 + 1) = 999998 * 999999 = 999997000002

Um die Differenz zu berechnen, subtrahieren wir die Summe der geraden Zahlen von der Summe der ungeraden Zahlen:
999998000001 - 999997000002 = 999999

Die Summe der ungeraden sechsstellige Zahlen ist um 999999 größer als die Summe der geraden sechsstellige Zahlen.",5.123013257980347
18,"Bestimme alle natürlichen Zahlen n, für die n^5 n durch 120 teilbar ist. Please do not show any steps; just provide the final solution.","n = 0, 1, 2, 3, 4, 5, 6, 7, 8, 9, 10",0.9641351699829102,"Bestimme alle natürlichen Zahlen n, für die n^5 n durch 120 teilbar ist. Show me your steps to the solution. Carefully think through this step-by-step till you reach the end needed answer.","To determine all natural numbers n for which n^5 is divisible by 120, we need to consider the prime factorization of 120.

First, we find the prime factorization of 120:
120 = 2^3 * 3 * 5

Next, we need to consider the prime factorization of n^5:
n^5 = (p1^a1 * p2^a2 * p3^a3 * ...)^5
where p1, p2, p3, ... are prime factors of n and a1, a2, a3, ... are their respective powers.

For n^5 to be divisible by 120, it must contain at least the prime factors 2, 3, and 5 to the necessary powers. This means that the exponents of 2, 3, and 5 in the prime factorization of n^5 must be at least 3, 1, and 1 respectively.

Therefore, we can write n as:
n = 2^x * 3^y * 5^z
where x ≥ 3, y ≥ 1, and z ≥ 1.

Now, we substitute this expression for n into n^5:
n^5 = (2^x * 3^y * 5^z)^5
n^5 = 2^(5x) * 3^(5y) * 5^(5z)

For n^5 to be divisible by 120, we need:
5x ≥ 3
5y ≥ 1
5z ≥ 1

Solving these inequalities, we get:
x ≥ 3/5
y ≥ 1/5
z ≥ 1/5

Since x, y, and z are integers, we need to find the smallest integers that satisfy these conditions.

Therefore, the possible values for n are:
n = 2^3 * 3^1 * 5^1 = 120
n = 2^4 * 3^1 * 5^1 = 240
n = 2^5 * 3^1 * 5^1 = 480

So, the natural numbers n for which n^5 is divisible by 120 are 120, 240, and 480.",7.270401954650879
20,"Gesucht sind alle Brüche mit dem Wert 2/5, bei denen die Summe aus Zähler und Nenner eine Quadratzahl mit höchstens drei Ziffern ist. Please do not show any steps; just provide the final solution.","2/5, 8/20, 32/80, 128/320, 512/1280, 2048/5120",1.850123643875122,"Gesucht sind alle Brüche mit dem Wert 2/5, bei denen die Summe aus Zähler und Nenner eine Quadratzahl mit höchstens drei Ziffern ist. Show me your steps to the solution. Carefully think through this step-by-step till you reach the end needed answer.","1. Beginne mit dem Bruch 2/5.
2. Berechne die Summe aus Zähler und Nenner: 2 + 5 = 7.
3. Überprüfe, ob 7 eine Quadratzahl mit höchstens drei Ziffern ist. Da 7 keine Quadratzahl ist, gehen wir zum nächsten Schritt.
4. Erhöhe den Zähler und den Nenner des Bruchs um jeweils 5, um einen neuen Bruch mit dem gleichen Wert zu erhalten: 7/10.
5. Berechne die Summe aus Zähler und Nenner: 7 + 10 = 17.
6. Überprüfe, ob 17 eine Quadratzahl mit höchstens drei Ziffern ist. Da 17 keine Quadratzahl ist, gehen wir zum nächsten Schritt.
7. Erhöhe den Zähler und den Nenner des Bruchs erneut um jeweils 5: 12/15.
8. Berechne die Summe aus Zähler und Nenner: 12 + 15 = 27.
9. Überprüfe, ob 27 eine Quadratzahl mit höchstens drei Ziffern ist. Da 27 eine Quadratzahl (5^2) ist, ist der Bruch 12/15 eine Lösung für die gesuchte Bedingung.

Die Brüche mit dem Wert 2/5, bei denen die Summe aus Zähler und Nenner eine Quadratzahl mit höchstens drei Ziffern ist, sind also 12/15.",4.777552843093872
26,Die quadratische Gleichung x^2 + ax + a - 2 = 0 besitze die Lösungen x1 und x2. Für welchen Parameterwert a nimmt die Summe der Quadrate von x1 und x2 den kleinsten Wert an? Please do not show any steps; just provide the final solution.,a = -1,0.7242519855499268,Die quadratische Gleichung x^2 + ax + a - 2 = 0 besitze die Lösungen x1 und x2. Für welchen Parameterwert a nimmt die Summe der Quadrate von x1 und x2 den kleinsten Wert an? Show me your steps to the solution. Carefully think through this step-by-step till you reach the end needed answer.,"To find the parameter value a for which the sum of the squares of x1 and x2 is minimized, we first need to find the values of x1 and x2 in terms of a.

Given the quadratic equation x^2 + ax + a - 2 = 0, we know that the sum of the roots is equal to -a and the product of the roots is equal to a - 2.

Let x1 and x2 be the roots of the equation. Then, we have:
x1 + x2 = -a
x1 * x2 = a - 2

We also know that the sum of the squares of the roots is equal to (x1)^2 + (x2)^2.

To find the values of x1 and x2 in terms of a, we can use Vieta's formulas:
x1 + x2 = -a
x1 * x2 = a - 2

From the first equation, we have:
x1 = -a - x2

Substitute this into the second equation:
(-a - x2) * x2 = a - 2
-a*x2 - (x2)^2 = a - 2
(x2)^2 + a*x2 - a + 2 = 0

Now, we can use the quadratic formula to solve for x2:
x2 = (-a ± sqrt(a^2 - 4(a+2)))/2

Since we are looking for the minimum value of the sum of the squares of x1 and x2, we need to find the value of a that minimizes this expression.

The sum of the squares of x1 and x2 is:
(x1)^2 + (x2)^2 = (-a - x2)^2 + x2^2

Substitute the value of x2 into the expression above and simplify to get the sum of the squares in terms of a.

Finally, differentiate the expression with respect to a and set it equal to zero to find the value of a that minimizes the sum of the squares of x1 and x2.",7.629735231399536
27,Für welche Werte von a und b ist x^2 + 5x + 6 ein Teiler von x^4 + ax^3 - x^2 + ax + b? Please do not show any steps; just provide the final solution.,"a = -1, b = 6",0.6966991424560547,Für welche Werte von a und b ist x^2 + 5x + 6 ein Teiler von x^4 + ax^3 - x^2 + ax + b? Show me your steps to the solution. Carefully think through this step-by-step till you reach the end needed answer.,"To find the values of a and b for which x^2 + 5x + 6 is a factor of x^4 + ax^3 - x^2 + ax + b, we need to perform polynomial division.

Step 1: Perform polynomial division
Divide x^4 + ax^3 - x^2 + ax + b by x^2 + 5x + 6.

The result of the division will be a polynomial of the form x^2 + (c1)x + c2.

Step 2: Set up the division
Write the division as follows:

          _______________________
x^2 + 5x + 6 | x^4 + ax^3 - x^2 + ax + b

Step 3: Perform the division
Perform the division to find the values of c1 and c2.

Step 4: Equate coefficients
Since x^2 + 5x + 6 is a factor of x^4 + ax^3 - x^2 + ax + b, the remainder of the division should be zero. Therefore, equate the coefficients of the remainder to zero.

Step 5: Solve for a and b
Solve the equations obtained from equating the coefficients to find the values of a and b.

By following these steps, you will be able to find the values of a and b for which x^2 + 5x + 6 is a factor of x^4 + ax^3 - x^2 + ax + b.",4.067768812179565
32,"Wie viele dreistellige Zahlen abc gibt es, bei denen die Summe von zwei Ziffern gleich der verbleibenden Ziffer ist? (Beispiel: 473, denn 4 + 3 = 7 ). Erwartet wird keine Aufzählung dieser Zahlen, sondern die Bestimmung der Anzahl mit Begründung. Please do not show any steps; just provide the final solution.","Es gibt insgesamt 36 dreistellige Zahlen, bei denen die Summe von zwei Ziffern gleich der verbleibenden Ziffer ist.",0.9967830181121826,"Wie viele dreistellige Zahlen abc gibt es, bei denen die Summe von zwei Ziffern gleich der verbleibenden Ziffer ist? (Beispiel: 473, denn 4 + 3 = 7 ). Erwartet wird keine Aufzählung dieser Zahlen, sondern die Bestimmung der Anzahl mit Begründung. Show me your steps to the solution. Carefully think through this step-by-step till you reach the end needed answer.","Um die Anzahl der dreistelligen Zahlen zu bestimmen, bei denen die Summe von zwei Ziffern gleich der verbleibenden Ziffer ist, können wir wie folgt vorgehen:

1. Die möglichen Ziffern für abc sind 1, 2, 3, 4, 5, 6, 7, 8 und 9.
2. Da die Zahlen dreistellig sind, müssen wir sicherstellen, dass keine der Ziffern doppelt vorkommt.
3. Wir können die möglichen Kombinationen von Ziffern durchprobieren, um die Bedingung zu erfüllen. Zum Beispiel:
   - Für die Zahl 473: 4 + 3 = 7 (Bedingung erfüllt)
   - Für die Zahl 286: 2 + 8 = 10 (Bedingung nicht erfüllt)
4. Wir können feststellen, dass die Bedingung nur erfüllt ist, wenn die verbleibende Ziffer die größte der drei Ziffern ist.
5. Daher können wir die Anzahl der möglichen dreistelligen Zahlen berechnen, indem wir die Anzahl der Möglichkeiten für die größte Ziffer (1 Möglichkeit) mit der Anzahl der Möglichkeiten für die beiden anderen Ziffern (8 Möglichkeiten für jede) multiplizieren.
6. Somit gibt es insgesamt 1 * 8 * 8 = 64 dreistellige Zahlen, bei denen die Summe von zwei Ziffern gleich der verbleibenden Ziffer ist.

Daher gibt es insgesamt 64 dreistellige Zahlen, die diese Bedingung erfüllen.",5.701141119003296
37,"Wie viele sechsstellige Zahlen, in denen jede der Ziffern 1, 2, 3, 4, 5 und 6 genau einmal vorkommt, sind durch 3 aber nicht durch 9 und durch 4 aber nicht durch 8 teilbar? Please do not show any steps; just provide the final solution.",120,2.824225902557373,"Wie viele sechsstellige Zahlen, in denen jede der Ziffern 1, 2, 3, 4, 5 und 6 genau einmal vorkommt, sind durch 3 aber nicht durch 9 und durch 4 aber nicht durch 8 teilbar? Show me your steps to the solution. Carefully think through this step-by-step till you reach the end needed answer.","To find the number of six-digit numbers that meet the given conditions, we can break down the problem into smaller steps:

Step 1: Since the number must be divisible by 3 but not by 9, the sum of its digits must be divisible by 3 but not by 9. The sum of the digits 1+2+3+4+5+6 = 21, which is divisible by 3 but not by 9.

Step 2: Since the number must be divisible by 4 but not by 8, the last two digits must form a number that is divisible by 4 but not by 8. The possible combinations for the last two digits are 12, 16, 24, 32, 36, 52, 56.

Step 3: Since each digit can only be used once, we need to consider the number of ways to arrange the remaining four digits (1, 3, 4, 5) in the first four positions. This can be calculated as 4! = 24.

Step 4: Multiply the number of ways to arrange the last two digits (7) with the number of ways to arrange the first four digits (24) to get the total number of valid six-digit numbers: 7 * 24 = 168.

Therefore, there are 168 six-digit numbers that meet the given conditions.",3.623006820678711
42,"Turnip for the books:  ‘It’s been a good year for turnips,’ farmer Hogswill remarked to his neighbour, Farmer Suticle.
‘Yup, that it has,’ the other replied. ‘How many did you grow?’
‘Well . . . I don’t exactly recall, but I do remember that when I took the turnips to market, I sold six-sevenths of them, plus one-seventh of a turnip, in the first hour.’
‘Must’ve been tricky cuttin’ ’em up.’
‘No, it was a whole number that I sold. I never cuts ’em.’ ‘If’n you say so, Hogswill. Then what?’
‘I sold six-sevenths of what was left, plus one-seventh of a
turnip, in the second hour. Then I sold six-sevenths of what was left, plus one-seventh of a turnip, in the third hour. And finally I sold six-sevenths of what was left, plus one-seventh of a turnip, in the fourth hour. Then I went home.’
‘Why?’
‘’Cos I’d sold the lot.’
How many turnips did Hogswill take to market?
 Please do not show any steps; just provide the final solution.",48 turnips.,0.6779670715332031,"Turnip for the books:  ‘It’s been a good year for turnips,’ farmer Hogswill remarked to his neighbour, Farmer Suticle.
‘Yup, that it has,’ the other replied. ‘How many did you grow?’
‘Well . . . I don’t exactly recall, but I do remember that when I took the turnips to market, I sold six-sevenths of them, plus one-seventh of a turnip, in the first hour.’
‘Must’ve been tricky cuttin’ ’em up.’
‘No, it was a whole number that I sold. I never cuts ’em.’ ‘If’n you say so, Hogswill. Then what?’
‘I sold six-sevenths of what was left, plus one-seventh of a
turnip, in the second hour. Then I sold six-sevenths of what was left, plus one-seventh of a turnip, in the third hour. And finally I sold six-sevenths of what was left, plus one-seventh of a turnip, in the fourth hour. Then I went home.’
‘Why?’
‘’Cos I’d sold the lot.’
How many turnips did Hogswill take to market?
 Show me your steps to the solution. Carefully think through this step-by-step till you reach the end needed answer.","Let's denote the total number of turnips that Hogswill took to the market as T.

In the first hour, he sold 6/7 of the turnips plus 1/7 of a turnip. This can be represented as (6/7)T + 1/7.

After the first hour, he had (1 - (6/7))T = (1/7)T turnips left.

In the second hour, he sold 6/7 of what was left plus 1/7 of a turnip. This can be represented as (6/7)(1/7)T + 1/7.

After the second hour, he had (1 - (6/7)(1/7))T = (1/7)^2T turnips left.

In the third hour, he sold 6/7 of what was left plus 1/7 of a turnip. This can be represented as (6/7)(1/7)^2T + 1/7.

After the third hour, he had (1 - (6/7)(1/7)^2)T = (1/7)^3T turnips left.

In the fourth hour, he sold 6/7 of what was left plus 1/7 of a turnip. This can be represented as (6/7)(1/7)^3T + 1/7.

Since he sold all the turnips, we can set up the equation:

(6/7)(1/7)^3T + 1/7 = 0

Solving for T:

(6/7)(1/7)^3T = -1/7
(6/7)(1/343)T = -1/7
(6/2401)T = -1/7
T = -1/7 * 2401 / 6
T = -343 / 6
T = -57.17

Since the number of turnips cannot be negative or a decimal, we made an error in our calculations. Let's reevaluate our steps and correct any mistakes.",5.242548942565918
60,"Hippopotamian Logic
I won’t eat my hat.
If hippos don’t eat acorns, then oak trees will grow in Africa.
If oak trees don’t grow in Africa, then squirrels hibernate in winter.
If hippos eat acorns and squirrels hibernate in winter, then I’ll eat my hat.
Therefore – what?
 Please do not show any steps; just provide the final solution.",I won't eat my hat.,0.7200272083282471,"Hippopotamian Logic
I won’t eat my hat.
If hippos don’t eat acorns, then oak trees will grow in Africa.
If oak trees don’t grow in Africa, then squirrels hibernate in winter.
If hippos eat acorns and squirrels hibernate in winter, then I’ll eat my hat.
Therefore – what?
 Show me your steps to the solution. Carefully think through this step-by-step till you reach the end needed answer.","1. If hippos don't eat acorns, then oak trees will grow in Africa.
2. If oak trees don't grow in Africa, then squirrels hibernate in winter.
3. If hippos eat acorns and squirrels hibernate in winter, then I'll eat my hat.

Therefore, if hippos eat acorns, then squirrels don't hibernate in winter. This means that oak trees don't grow in Africa. And if oak trees don't grow in Africa, then hippos don't eat acorns. 

So, the conclusion is that hippos don't eat acorns.",2.14896297454834
79,"Ein Erfinder stellt drei Maßnahmen vor, die jeweils den Energieverbrauch eines Motors reduzieren sollen. Die erste verringert den Verbrauch um 20%, die zweite um 30% und die dritte gar um 50%. Kann der Verbrauch des Motors mit allen drei auf null reduziert werden? Wenn nein, auf wie viel dann? Please do not show any steps; just provide the final solution.",Der Verbrauch des Motors kann nicht auf null reduziert werden. Der Verbrauch des Motors kann um insgesamt 70% reduziert werden.,0.9762599468231201,"Ein Erfinder stellt drei Maßnahmen vor, die jeweils den Energieverbrauch eines Motors reduzieren sollen. Die erste verringert den Verbrauch um 20%, die zweite um 30% und die dritte gar um 50%. Kann der Verbrauch des Motors mit allen drei auf null reduziert werden? Wenn nein, auf wie viel dann? Show me your steps to the solution. Carefully think through this step-by-step till you reach the end needed answer.","Um den Gesamtverbrauch des Motors zu berechnen, müssen wir die Effekte der drei Maßnahmen kombinieren. 

Angenommen der ursprüngliche Verbrauch des Motors beträgt 100 Einheiten.

Die erste Maßnahme reduziert den Verbrauch um 20%, was bedeutet, dass der Verbrauch nach der ersten Maßnahme 80 Einheiten beträgt (100 - 20% von 100 = 80).

Die zweite Maßnahme reduziert den Verbrauch um 30% von 80 Einheiten, was bedeutet, dass der Verbrauch nach der zweiten Maßnahme 56 Einheiten beträgt (80 - 30% von 80 = 56).

Die dritte Maßnahme reduziert den Verbrauch um 50% von 56 Einheiten, was bedeutet, dass der Verbrauch nach der dritten Maßnahme 28 Einheiten beträgt (56 - 50% von 56 = 28).

Da der Verbrauch des Motors nach der dritten Maßnahme nicht auf null reduziert werden kann, beträgt der Gesamtverbrauch des Motors nach allen drei Maßnahmen 28 Einheiten. 

Daher kann der Verbrauch des Motors nicht auf null reduziert werden, sondern auf 28 Einheiten.",3.8687779903411865
81,"Berechnen Sie zu den komplexen Zahlen
\[ z_1 = 1 - i, \quad z_2 = 1 + 3i, \quad z_3 = 2 - 4i \]

die Real- und Imaginärteile der Ausdrücke
1. \(-z_1\)
2. \( \overline{z_1} \) (conjugate of \( z_1 \))
3. \( z_1 z_2 \) (product of \( z_1 \) and \( z_2 \))
4. \( \frac{z_2}{z_3} \) (quotient of \( z_2 \) by \( z_3 \))
5. \( \frac{z_1}{\overline{z_2} - z_1^2} \)
6. \( \frac{z_3}{2z_1 - \overline{z_2}} \) 
 Please do not show any steps; just provide the final solution.","1. \(-z_1 = -1 + i\)
2. \( \overline{z_1} = 1 + i \)
3. \( z_1 z_2 = 4 + 2i \)
4. \( \frac{z_2}{z_3} = \frac{11}{20} + \frac{7}{20}i \)
5. \( \frac{z_1}{\overline{z_2} - z_1^2} = \frac{1}{11} - \frac{3}{11}i \)
6. \( \frac{z_3}{2z_1 - \overline{z_2}} = -\frac{1}{5} - \frac{3}{5}i \)",2.9868149757385254,"Berechnen Sie zu den komplexen Zahlen
\[ z_1 = 1 - i, \quad z_2 = 1 + 3i, \quad z_3 = 2 - 4i \]

die Real- und Imaginärteile der Ausdrücke
1. \(-z_1\)
2. \( \overline{z_1} \) (conjugate of \( z_1 \))
3. \( z_1 z_2 \) (product of \( z_1 \) and \( z_2 \))
4. \( \frac{z_2}{z_3} \) (quotient of \( z_2 \) by \( z_3 \))
5. \( \frac{z_1}{\overline{z_2} - z_1^2} \)
6. \( \frac{z_3}{2z_1 - \overline{z_2}} \) 
 Show me your steps to the solution. Carefully think through this step-by-step till you reach the end needed answer.","1. Real- und Imaginärteil von \(-z_1\):
\[ -z_1 = -1 + i \]
Realteil: -1
Imaginärteil: 1

2. Real- und Imaginärteil von \( \overline{z_1} \):
\[ \overline{z_1} = 1 + i \]
Realteil: 1
Imaginärteil: 1

3. Real- und Imaginärteil von \( z_1 z_2 \):
\[ z_1 z_2 = (1-i)(1+3i) = 1 + 3i - i - 3i^2 = 1 + 3i - i + 3 = 4 + 2i \]
Realteil: 4
Imaginärteil: 2

4. Real- und Imaginärteil von \( \frac{z_2}{z_3} \):
\[ \frac{z_2}{z_3} = \frac{1+3i}{2-4i} = \frac{(1+3i)(2+4i)}{(2-4i)(2+4i)} = \frac{2 + 4i + 6i + 12i^2}{4 + 16} = \frac{-10 + 10i}{20} = -\frac{1}{2} + \frac{1}{2}i \]
Realteil: -0.5
Imaginärteil: 0.5

5. Real- und Imaginärteil von \( \frac{z_1}{\overline{z_2} - z_1^2} \):
\[ \overline{z_2} = 1 - 3i \]
\[ \frac{z_1}{\overline{z_2} - z_1^2} = \frac{1-i}{1-3i - (1-i)^2} = \frac{1-i}{1-3i - (1-2i+i^2)} = \frac{1-i}{1-3i - 1 + 2i - i^2} = \frac{1-i}{-3i + 2i} = \frac{1-i}{-i} = i-1 \]
Realteil: -1
Imaginärteil: 1

6. Real- und Imaginärteil von \( \frac{z_3}{2z_1 - \overline{z_2}} \):
\[ 2z_1 = 2(1-i) = 2 - 2i \]
\[ \frac{z_3}{2z_1 - \overline{z_2}} = \frac{2-4i}{2-2i - (1-3i)} = \frac{2-4i}{2-2i - 1 + 3i} = \frac{2-4i}{1 + i} = \frac{(2-4i)(1-i)}{1+i)(1-i)} = \frac{2-2i-4i+4i^2}{1-i^2} = \frac{-2-6i}{2} = -1-3i \]
Realteil: -1
Imaginärteil: -3",8.277880191802979
88,"Ist ein reelles lineares Gleichungssystem (A|B) mit n Unbekannten und n Gleichungen für ein b eindeutig lösbar, so ist es dies auch für jedes b - stimmt das? Please do not show any steps; just provide the final solution.","Ja, das stimmt.",0.5993411540985107,"Ist ein reelles lineares Gleichungssystem (A|B) mit n Unbekannten und n Gleichungen für ein b eindeutig lösbar, so ist es dies auch für jedes b - stimmt das? Show me your steps to the solution. Carefully think through this step-by-step till you reach the end needed answer.","Um zu zeigen, dass ein reelles lineares Gleichungssystem (A|B) mit n Unbekannten und n Gleichungen für ein b eindeutig lösbar ist, wenn es für ein bestimmtes b eindeutig lösbar ist, müssen wir den Zusammenhang zwischen den Lösungen für verschiedene b untersuchen.

Angenommen, das Gleichungssystem (A|B) ist für ein bestimmtes b eindeutig lösbar. Das bedeutet, dass die Determinante der Koeffizientenmatrix A ungleich Null ist, was wiederum bedeutet, dass A invertierbar ist.

Wenn wir nun ein anderes b betrachten, können wir das erweiterte Gleichungssystem (A|b) betrachten. Da A invertierbar ist, können wir die eindeutige Lösung für dieses erweiterte Gleichungssystem finden, indem wir die Inverse von A auf beiden Seiten der Gleichung multiplizieren:

x = A^(-1) * b

Da A invertierbar ist, existiert die Inverse von A und die Lösung x ist eindeutig für jedes b.

Daher ist ein reelles lineares Gleichungssystem (A|B) mit n Unbekannten und n Gleichungen für ein b eindeutig lösbar, wenn es für ein bestimmtes b eindeutig lösbar ist.",4.506672143936157
95,"Von einer Fußballmannschaft (11 Mann) sind 4 Spieler jünger als 25 Jahre, 3 sind 25, der Rest (4 Spieler) ist älter. Das Durchschnittsalter liegt bei 28 Jahren. Wo liegt der Median? Wie ändern sich Median und Mittelwert, wenn für den 40-jährigen Torwart ein 18-jähriger eingewechselt wird? Please do not show any steps; just provide the final solution.","Der Median liegt bei 25 Jahren. 
Nach dem Wechsel des Torwarts ändert sich der Median nicht, der Mittelwert sinkt auf 26 Jahren.",0.9238252639770508,"Von einer Fußballmannschaft (11 Mann) sind 4 Spieler jünger als 25 Jahre, 3 sind 25, der Rest (4 Spieler) ist älter. Das Durchschnittsalter liegt bei 28 Jahren. Wo liegt der Median? Wie ändern sich Median und Mittelwert, wenn für den 40-jährigen Torwart ein 18-jähriger eingewechselt wird? Show me your steps to the solution. Carefully think through this step-by-step till you reach the end needed answer.","1. Berechnung des Gesamtalters der Mannschaft:
4 Spieler jünger als 25 Jahre: 4 * 25 = 100 Jahre
3 Spieler im Alter von 25 Jahren: 3 * 25 = 75 Jahre
4 Spieler älter als 25 Jahre: 4 * 28 = 112 Jahre
Gesamtalter = 100 + 75 + 112 = 287 Jahre

2. Berechnung des Durchschnittsalters:
Durchschnittsalter = Gesamtalter / Anzahl der Spieler
Durchschnittsalter = 287 / 11 = 26,09 Jahre

3. Berechnung des Medians:
Da die Anzahl der Spieler ungerade ist, ist der Median der Wert in der Mitte, wenn die Spieler nach Alter sortiert sind. Da es 4 Spieler jünger als 25 Jahre, 3 Spieler im Alter von 25 Jahren und 4 Spieler älter als 25 Jahre gibt, ist der Median der 6. Spieler in der sortierten Liste, also der 25-jährige Spieler.

4. Wenn der 40-jährige Torwart durch einen 18-jährigen Spieler ersetzt wird, ändert sich die Anzahl der Spieler jünger als 25 Jahre auf 5, die Anzahl der Spieler im Alter von 25 Jahren bleibt bei 3 und die Anzahl der Spieler älter als 25 Jahre bleibt bei 3.

5. Berechnung des Gesamtalters der Mannschaft nach dem Austausch:
5 Spieler jünger als 25 Jahre: 5 * 25 = 125 Jahre
3 Spieler im Alter von 25 Jahren: 3 * 25 = 75 Jahre
3 Spieler älter als 25 Jahre: 3 * 28 = 84 Jahre
Gesamtalter = 125 + 75 + 84 = 284 Jahre

6. Berechnung des Durchschnittsalters nach dem Austausch:
Durchschnittsalter = Gesamtalter / Anzahl der Spieler
Durchschnittsalter = 284 / 11 = 25,82 Jahre

7. Berechnung des Medians nach dem Austausch:
Da die Anzahl der Spieler ungerade ist, ist der Median der Wert in der Mitte, wenn die Spieler nach Alter sortiert sind. Da es 5 Spieler jünger als 25 Jahre, 3 Spieler im Alter von 25 Jahren und 3 Spieler älter als 25 Jahre gibt, ist der Median der 6. Spieler in der sortierten Liste, also der 25-jährige Spieler.

Zusammenfassend:
- Der Median bleibt bei einem 25-jährigen Spieler, unabhängig davon, ob der Torwart ausgetauscht wird oder nicht.
- Der Durchschnitt sinkt von 26,09 Jahren auf 25,82 Jahre, wenn der 40-jährige Torwart durch einen 18-jährigen Spieler ersetzt wird.",8.67485785484314
97,"„Wenn zwei Merkmale X und Y stark miteinander korrelieren, dann muss eine kausale Beziehung zwischen X und Y herrschen.“ Ist diese Aussage richtig? Please do not show any steps; just provide the final solution.",Falsch.,0.5536549091339111,"„Wenn zwei Merkmale X und Y stark miteinander korrelieren, dann muss eine kausale Beziehung zwischen X und Y herrschen.“ Ist diese Aussage richtig? Show me your steps to the solution. Carefully think through this step-by-step till you reach the end needed answer.","Nein, diese Aussage ist nicht zwangsläufig richtig. Eine starke Korrelation zwischen zwei Merkmalen bedeutet lediglich, dass sie in irgendeiner Weise miteinander zusammenhängen, aber nicht unbedingt, dass eine kausale Beziehung zwischen ihnen besteht. Es könnte sein, dass ein dritter Faktor beide Merkmale beeinflusst und somit die Korrelation verursacht, ohne dass eine direkte Ursache-Wirkungs-Beziehung zwischen X und Y besteht.

Um zu überprüfen, ob eine kausale Beziehung zwischen X und Y besteht, müssen weitere Untersuchungen durchgeführt werden, wie z.B. Experimente, um festzustellen, ob eine Veränderung in X tatsächlich eine Veränderung in Y verursacht. Nur aufgrund einer starken Korrelation allein kann keine kausale Beziehung angenommen werden.",3.1916160583496094
101,Ein Autokennzeichen bestehe aus 1 bis 3 Buchstaben gefolgt von 4 Ziffern. Wie viel verschiedene Kennzeichen können so erzeugt werden? Please do not show any steps; just provide the final solution.,175.760.000,0.5967638492584229,Ein Autokennzeichen bestehe aus 1 bis 3 Buchstaben gefolgt von 4 Ziffern. Wie viel verschiedene Kennzeichen können so erzeugt werden? Show me your steps to the solution. Carefully think through this step-by-step till you reach the end needed answer.,"To calculate the total number of possible license plates, we need to consider the number of options for each part of the license plate.

1. For the first part (1 to 3 letters):
- There are 26 letters in the alphabet (A-Z).
- For 1 letter, there are 26 options.
- For 2 letters, there are 26 * 26 = 676 options.
- For 3 letters, there are 26 * 26 * 26 = 17,576 options.

2. For the second part (4 digits):
- There are 10 digits (0-9).
- For each digit, there are 10 options.
- For 4 digits, there are 10 * 10 * 10 * 10 = 10,000 options.

3. To find the total number of possible license plates, we multiply the number of options for each part:
- For 1 letter: 26 options
- For 2 letters: 676 options
- For 3 letters: 17,576 options
- For 4 digits: 10,000 options

Total = 26 + 676 + 17,576 + 10,000 = 28,278

Therefore, there are 28,278 different possible license plates that can be generated with 1 to 3 letters followed by 4 digits.",4.301715850830078
119,"Bestimmen Sie Real- und Imaginärteil der Lösungen folgende quadratische Gleichung
\( (z-(1+2 \mathrm{i})) z=3-\mathrm{i} \)
 Please do not show any steps; just provide the final solution.","Realteil: \( \frac{7}{5} \)
Imaginärteil: \( -\frac{11}{5} \)",0.8708539009094238,"Bestimmen Sie Real- und Imaginärteil der Lösungen folgende quadratische Gleichung
\( (z-(1+2 \mathrm{i})) z=3-\mathrm{i} \)
 Show me your steps to the solution. Carefully think through this step-by-step till you reach the end needed answer.","Um die Real- und Imaginärteile der Lösungen der gegebenen quadratischen Gleichung zu bestimmen, müssen wir die Gleichung in der Form \( z = a + bi \) umschreiben, wobei \( a \) der Realteil und \( b \) der Imaginärteil von \( z \) sind.

Gegeben ist die quadratische Gleichung:
\( (z-(1+2i))z = 3-i \)

Wir setzen \( z = a + bi \) ein:
\( ((a+bi)-(1+2i))(a+bi) = 3-i \)

Multiplizieren wir die linke Seite aus:
\( (a+bi-1-2i)(a+bi) = 3-i \)
\( (a-1+bi-2i)(a+bi) = 3-i \)
\( a^2 + abi - a - 2bi - bi - 2i^2 = 3-i \)
\( a^2 + abi - a - 3bi + 2 = 3-i \)

Da \( i^2 = -1 \) ist, können wir dies weiter vereinfachen:
\( a^2 + abi - a - 3bi + 2 = 3-i \)
\( a^2 + abi - a - 3bi + 2 = 3-i \)
\( a^2 + abi - a - 3bi + 2 = 3-i \)

Vergleichen wir nun die Real- und Imaginärteile auf beiden Seiten der Gleichung:
Realteil:
\( a^2 - a + 2 = 3 \)
\( a^2 - a - 1 = 0 \)
\( a^2 - 2a + a - 1 = 0 \)
\( a(a-2) + 1(a-2) = 0 \)
\( (a+1)(a-2) = 0 \)
\( a = -1 \) oder \( a = 2 \)

Imaginärteil:
\( ab - 3b = -1 \)
\( b(a-3) = -1 \)
\( b = \frac{-1}{a-3} \)

Also sind die Lösungen der quadratischen Gleichung:
\( z_1 = -1 + \frac{1}{2}i \)
\( z_2 = 2 - \frac{1}{4}i \)

Daher sind die Real- und Imaginärteile der Lösungen:
Realteil:
\( a = -1 \) und \( a = 2 \)

Imaginärteil:
\( b = \frac{1}{2} \) und \( b = -\frac{1}{4} \)",6.935017824172974
123,"\( \cdot \) Für welche Startwerte \( a_{0} \in \mathbb{R} \) konvergiert die rekursiv definierte Folge \( \left(a_{n}\right) \) mit
\[
a_{n+1}=\frac{1}{4}\left(a_{n}^{2}+3\right), \quad n \in \mathbb{N} \text { ? }
\]
 Please do not show any steps; just provide the final solution.",Die Folge konvergiert für alle Startwerte \( a_{0} \in \mathbb{R} \) gegen den Wert \( \frac{3}{2} \).,1.2101259231567383,"\( \cdot \) Für welche Startwerte \( a_{0} \in \mathbb{R} \) konvergiert die rekursiv definierte Folge \( \left(a_{n}\right) \) mit
\[
a_{n+1}=\frac{1}{4}\left(a_{n}^{2}+3\right), \quad n \in \mathbb{N} \text { ? }
\]
 Show me your steps to the solution. Carefully think through this step-by-step till you reach the end needed answer.","To determine for which initial values \(a_{0}\) the sequence converges, we can analyze the behavior of the sequence as \(n\) approaches infinity. 

Let's first find the limit of the sequence as \(n\) approaches infinity:
\[ \lim_{n \to \infty} a_{n+1} = \lim_{n \to \infty} \frac{1}{4}\left(a_{n}^{2}+3\right) \]

Assuming the limit exists, we can denote it as \(L\):
\[ L = \frac{1}{4}\left(L^{2}+3\right) \]

Solving this equation for \(L\), we get:
\[ L = \frac{1}{4}\left(L^{2}+3\right) \]
\[ 4L = L^{2} + 3 \]
\[ L^{2} - 4L + 3 = 0 \]
\[ (L-1)(L-3) = 0 \]

So, the limit \(L\) can be either 1 or 3. 

Now, we need to determine for which initial values \(a_{0}\) the sequence converges to either 1 or 3. 

Let's consider the case where the limit is 1:
If the limit is 1, then for the sequence to converge, we must have:
\[ \lim_{n \to \infty} a_{n} = 1 \]
\[ \lim_{n \to \infty} a_{n+1} = 1 \]
\[ 1 = \frac{1}{4}\left(1^{2}+3\right) \]

This equation is satisfied, so the sequence converges to 1 for all initial values \(a_{0} \in \mathbb{R}\).

Now, let's consider the case where the limit is 3:
If the limit is 3, then for the sequence to converge, we must have:
\[ \lim_{n \to \infty} a_{n} = 3 \]
\[ \lim_{n \to \infty} a_{n+1} = 3 \]
\[ 3 = \frac{1}{4}\left(3^{2}+3\right) \]

This equation is also satisfied, so the sequence converges to 3 for all initial values \(a_{0} \in \mathbb{R}\).

Therefore, the sequence converges for all initial values \(a_{0} \in \mathbb{R}\) and converges to both 1 and 3.",9.934370040893555
132,"Bestimmen Sie den Konvergenzradius und den Konvergenzkreis der folgenden Potenzreihen.
\( \left(\sum_{n=0}^{\infty} \frac{n+\mathrm{i}}{(\sqrt{2} \mathrm{i})^{n}}\binom{2 n}{n} z^{2 n}\right) \)
 Please do not show any steps; just provide the final solution.",Der Konvergenzradius ist \( R = \frac{1}{\sqrt{2}} \) und der Konvergenzkreis ist der offene Kreis mit Radius \( \frac{1}{\sqrt{2}} \) um den Punkt 0.,1.1492469310760498,"Bestimmen Sie den Konvergenzradius und den Konvergenzkreis der folgenden Potenzreihen.
\( \left(\sum_{n=0}^{\infty} \frac{n+\mathrm{i}}{(\sqrt{2} \mathrm{i})^{n}}\binom{2 n}{n} z^{2 n}\right) \)
 Show me your steps to the solution. Carefully think through this step-by-step till you reach the end needed answer.","Um den Konvergenzradius und den Konvergenzkreis der gegebenen Potenzreihe zu bestimmen, verwenden wir die Formel von Cauchy-Hadamard:

\[ R = \frac{1}{\limsup_{n \to \infty} \sqrt[n]{|a_n|}} \]

wobei \( a_n = \frac{n+\mathrm{i}}{(\sqrt{2} \mathrm{i})^{n}}\binom{2 n}{n} \).

Zuerst berechnen wir den Betrag von \( a_n \):

\[ |a_n| = \left| \frac{n+\mathrm{i}}{(\sqrt{2} \mathrm{i})^{n}}\binom{2 n}{n} \right| = \left| \frac{n+\mathrm{i}}{(\sqrt{2} \mathrm{i})^{n}} \right| \cdot \left| \binom{2 n}{n} \right| \]

Da \( \left| \frac{n+\mathrm{i}}{(\sqrt{2} \mathrm{i})^{n}} \right| = \frac{\sqrt{n^2 + 1}}{2^n} \) und \( \left| \binom{2 n}{n} \right| = \binom{2n}{n} \), erhalten wir:

\[ |a_n| = \frac{\sqrt{n^2 + 1}}{2^n} \cdot \binom{2n}{n} \]

Nun berechnen wir den Grenzwert von \( \sqrt[n]{|a_n|} \) für \( n \to \infty \):

\[ \lim_{n \to \infty} \sqrt[n]{|a_n|} = \lim_{n \to \infty} \sqrt[n]{\frac{\sqrt{n^2 + 1}}{2^n} \cdot \binom{2n}{n}} \]

Da der Grenzwert von \( \sqrt[n]{\frac{\sqrt{n^2 + 1}}{2^n}} \) gegen 1 geht und der Grenzwert von \( \sqrt[n]{\binom{2n}{n}} \) gegen \( \frac{1}{\sqrt{2\pi}} \), erhalten wir:

\[ \lim_{n \to \infty} \sqrt[n]{|a_n|} = \frac{1}{\sqrt{2\pi}} \]

Schließlich setzen wir den Grenzwert in die Formel für den Konvergenzradius ein:

\[ R = \frac{1}{\frac{1}{\sqrt{2\pi}}} = \sqrt{2\pi} \]

Der Konvergenzradius beträgt also \( \sqrt{2\pi} \) und der Konvergenzkreis ist der offene Kreis mit Radius \( \sqrt{2\pi} \) um den Entwicklungspunkt.",10.464206218719482
133,"Bestimmen Sie den Konvergenzradius und den Konvergenzkreis der folgenden Potenzreihen.
\( \left(\sum_{n=0}^{\infty} \frac{(2+\mathrm{i})^{n}-\mathrm{i}}{\mathrm{i}^{n}}(z+\mathrm{i})^{n}\right) \)
 Please do not show any steps; just provide the final solution.",Der Konvergenzradius ist \(1\) und der Konvergenzkreis ist der offene Kreis mit Radius \(1\) um den Punkt \(-i\).,0.893956184387207,"Bestimmen Sie den Konvergenzradius und den Konvergenzkreis der folgenden Potenzreihen.
\( \left(\sum_{n=0}^{\infty} \frac{(2+\mathrm{i})^{n}-\mathrm{i}}{\mathrm{i}^{n}}(z+\mathrm{i})^{n}\right) \)
 Show me your steps to the solution. Carefully think through this step-by-step till you reach the end needed answer.","Um den Konvergenzradius und den Konvergenzkreis der gegebenen Potenzreihe zu bestimmen, verwenden wir das Quotientenkriterium.

Das Quotientenkriterium besagt, dass der Konvergenzradius \( R \) einer Potenzreihe \( \sum_{n=0}^{\infty} a_n z^n \) durch die Formel
\[ R = \lim_{n \to \infty} \left| \frac{a_{n}}{a_{n+1}} \right| \]
bestimmt werden kann, falls der Grenzwert existiert.

Zuerst schreiben wir die gegebene Potenzreihe in der Form \( \sum_{n=0}^{\infty} b_n z^n \), indem wir die gegebenen Ausdrücke für \( a_n \) und \( z \) einsetzen:
\[ b_n = \frac{(2+\mathrm{i})^{n}-\mathrm{i}}{\mathrm{i}^{n}} \]
\[ z = z + \mathrm{i} \]

Nun berechnen wir den Quotienten \( \frac{b_{n}}{b_{n+1}} \):
\[ \frac{b_{n}}{b_{n+1}} = \frac{\frac{(2+\mathrm{i})^{n}-\mathrm{i}}{\mathrm{i}^{n}}}{\frac{(2+\mathrm{i})^{n+1}-\mathrm{i}}{\mathrm{i}^{n+1}}} \]
\[ = \frac{(2+\mathrm{i})^{n}\mathrm{i}^{n+1} - \mathrm{i}\mathrm{i}^{n+1}}{(2+\mathrm{i})^{n+1}\mathrm{i}^{n} - \mathrm{i}\mathrm{i}^{n}} \]
\[ = \frac{(2+\mathrm{i})^{n}\mathrm{i} - \mathrm{i}^{n+1}}{(2+\mathrm{i})^{n+1} - \mathrm{i}^{n}} \]

Nun berechnen wir den Grenzwert dieses Quotienten, um den Konvergenzradius zu bestimmen:
\[ R = \lim_{n \to \infty} \left| \frac{(2+\mathrm{i})^{n}\mathrm{i} - \mathrm{i}^{n+1}}{(2+\mathrm{i})^{n+1} - \mathrm{i}^{n}} \right| \]

Da dieser Grenzwert kompliziert zu berechnen ist, können wir vereinfachen, indem wir den Ausdruck für \( b_n \) umschreiben und den Quotienten erneut bilden. Dies erleichtert die Berechnung des Grenzwerts.

Nachdem der Konvergenzradius bestimmt wurde, können wir den Konvergenzkreis als die Menge aller Punkte \( z \) mit \( |z| < R \) angeben.",8.414092779159546
140,"Man bestimme die im Folgenden angegebenen Integrale:
\[
I=\int x \sin x \mathrm{~d} x
\]
 Please do not show any steps; just provide the final solution.",$I = -x \cos x + \sin x + C$,0.7143149375915527,"Man bestimme die im Folgenden angegebenen Integrale:
\[
I=\int x \sin x \mathrm{~d} x
\]
 Show me your steps to the solution. Carefully think through this step-by-step till you reach the end needed answer.","To solve the integral $\int x \sin x \, dx$, we can use integration by parts. The formula for integration by parts is:
\[
\int u \, dv = uv - \int v \, du
\]
Let's choose $u = x$ and $dv = \sin x \, dx$. Then, we have $du = dx$ and $v = -\cos x$.

Now, we can apply the integration by parts formula:
\[
\int x \sin x \, dx = -x \cos x - \int (-\cos x) \, dx
\]
Simplifying the right side gives:
\[
\int x \sin x \, dx = -x \cos x + \int \cos x \, dx
\]
Integrating $\int \cos x \, dx$ gives $\sin x$. Therefore, the final result is:
\[
\int x \sin x \, dx = -x \cos x + \sin x + C
\]
where $C$ is the constant of integration.",4.193311929702759
142," \[
I_{1}=\int \frac{x}{\cosh ^{2} x} \mathrm{~d} x, \quad I_{2}=\int \frac{\ln \left(x^{2}\right)}{x^{2}} \mathrm{~d} x
\]
 Please do not show any steps; just provide the final solution.","\[
I_{1}=\tanh x + C, \quad I_{2}=-\frac{\ln x}{x} + C
\]",0.8379008769989014," \[
I_{1}=\int \frac{x}{\cosh ^{2} x} \mathrm{~d} x, \quad I_{2}=\int \frac{\ln \left(x^{2}\right)}{x^{2}} \mathrm{~d} x
\]
 Show me your steps to the solution. Carefully think through this step-by-step till you reach the end needed answer.","To solve \(I_{1}\), we can use integration by parts. Let's set \(u = x\) and \(dv = \frac{1}{\cosh^2 x} dx\). Then, we have \(du = dx\) and \(v = \tanh x\).

Using the integration by parts formula \(\int u \, dv = uv - \int v \, du\), we get:

\[
\begin{aligned}
I_{1} &= \int x \cdot \frac{1}{\cosh^2 x} \, dx \\
&= x \tanh x - \int \tanh x \, dx \\
&= x \tanh x - \ln(\cosh x) + C,
\end{aligned}
\]
where \(C\) is the constant of integration.

Next, to solve \(I_{2}\), we can use a simple substitution. Let \(u = \ln(x^2)\), then \(du = \frac{2}{x} dx\). This means that \(dx = \frac{1}{2} e^u du\).

Substituting these into the integral, we get:

\[
\begin{aligned}
I_{2} &= \int \frac{\ln(x^2)}{x^2} \, dx \\
&= \int u \cdot \frac{1}{x^2} \cdot x \, du \\
&= \int u \, du \\
&= \frac{1}{2} u^2 + C \\
&= \frac{1}{2} (\ln(x^2))^2 + C.
\end{aligned}
\]

Therefore, the solutions are:
\[
I_{1} = x \tanh x - \ln(\cosh x) + C_1
\]
\[
I_{2} = \frac{1}{2} (\ln(x^2))^2 + C_2
\]
where \(C_1\) and \(C_2\) are constants of integration.",8.5244140625
145,"\[
I=\int \cos \left(\mathrm{e}^{\sin x}\right) \mathrm{e}^{\sin x} \cos x \mathrm{~d} x
\]
  Please do not show any steps; just provide the final solution.","\[
I = \frac{1}{2} \sin \left(\mathrm{e}^{\sin x}\right) + C
\]",0.88519287109375,"\[
I=\int \cos \left(\mathrm{e}^{\sin x}\right) \mathrm{e}^{\sin x} \cos x \mathrm{~d} x
\]
  Show me your steps to the solution. Carefully think through this step-by-step till you reach the end needed answer.","To solve the given integral, we can use the substitution method. Let's make the substitution \(u = \mathrm{e}^{\sin x}\). Then, we have \(du = \cos x \mathrm{e}^{\sin x} \mathrm{d}x\).

Substitute \(u = \mathrm{e}^{\sin x}\) and \(du = \cos x \mathrm{e}^{\sin x} \mathrm{d}x\) into the integral:

\[
I = \int \cos(u) \, du
\]

Now, we can easily integrate \(\cos(u)\) with respect to \(u\):

\[
I = \sin(u) + C = \sin(\mathrm{e}^{\sin x}) + C
\]

Therefore, the solution to the given integral is:

\[
\int \cos \left(\mathrm{e}^{\sin x}\right) \mathrm{e}^{\sin x} \cos x \, dx = \sin(\mathrm{e}^{\sin x}) + C
\]

where \(C\) is the constant of integration.",5.26818585395813
151,"""Bestimmen Sie die allgemeine Lösung der linearen Differenzialgleichung erster Ordnung
\[
u^{\prime}(x)+\cos (x) u(x)=\frac{1}{2} \sin (2 x), \quad x \in(0, \pi) \text {. }
\]
 Please do not show any steps; just provide the final solution.","Die allgemeine Lösung ist 
\[
u(x)=c e^{-\sin (x)}+\frac{1}{2} \sin (x)-\frac{1}{4} \cos (x) \sin (x)
\]
wobei \(c\) eine Konstante ist.",1.4162571430206299,"""Bestimmen Sie die allgemeine Lösung der linearen Differenzialgleichung erster Ordnung
\[
u^{\prime}(x)+\cos (x) u(x)=\frac{1}{2} \sin (2 x), \quad x \in(0, \pi) \text {. }
\]
 Show me your steps to the solution. Carefully think through this step-by-step till you reach the end needed answer.","To find the general solution of the given linear first-order differential equation, we can use the integrating factor method. The general form of a linear first-order differential equation is:
\[ \frac{dy}{dx} + P(x)y = Q(x) \]

In this case, the equation is:
\[ u^{\prime}(x) + \cos(x)u(x) = \frac{1}{2}\sin(2x) \]

Comparing this with the general form, we have:
\[ P(x) = \cos(x) \]
\[ Q(x) = \frac{1}{2}\sin(2x) \]

First, we need to find the integrating factor, which is given by:
\[ \mu(x) = e^{\int P(x)dx} \]

In this case, we have:
\[ \mu(x) = e^{\int \cos(x)dx} = e^{\sin(x)} \]

Now, we multiply the given differential equation by the integrating factor:
\[ e^{\sin(x)}u^{\prime}(x) + e^{\sin(x)}\cos(x)u(x) = \frac{1}{2}e^{\sin(x)}\sin(2x) \]

The left-hand side can be rewritten using the product rule for differentiation:
\[ \frac{d}{dx}(e^{\sin(x)}u(x)) = \frac{1}{2}e^{\sin(x)}\sin(2x) \]

Integrating both sides with respect to x, we get:
\[ e^{\sin(x)}u(x) = \frac{1}{4}\cos(2x) + C \]

Where C is the constant of integration. Finally, we can solve for u(x) to get the general solution:
\[ u(x) = \frac{1}{4}e^{-\sin(x)}\cos(2x) + Ce^{-\sin(x)} \]

Therefore, the general solution of the given differential equation is:
\[ u(x) = \frac{1}{4}e^{-\sin(x)}\cos(2x) + Ce^{-\sin(x)} \]",6.3422441482543945
158,"Berechnen Sie die Determinanten der folgenden reellen Matrizen:
\[
\mathbf{A}=\left(\begin{array}{llll}
1 & 2 & 0 & 0 \\
2 & 1 & 0 & 0 \\
0 & 0 & 3 & 4 \\
0 & 0 & 4 & 3
\end{array}\right)
 Please do not show any steps; just provide the final solution.",Det(\mathbf{A}) = -24,0.7299978733062744,"Berechnen Sie die Determinanten der folgenden reellen Matrizen:
\[
\mathbf{A}=\left(\begin{array}{llll}
1 & 2 & 0 & 0 \\
2 & 1 & 0 & 0 \\
0 & 0 & 3 & 4 \\
0 & 0 & 4 & 3
\end{array}\right)
 Show me your steps to the solution. Carefully think through this step-by-step till you reach the end needed answer.","To calculate the determinant of matrix $\mathbf{A}$, we can use the formula for a 4x4 matrix:

\[
\text{det}(\mathbf{A}) = 
\begin{vmatrix}
1 & 2 & 0 & 0 \\
2 & 1 & 0 & 0 \\
0 & 0 & 3 & 4 \\
0 & 0 & 4 & 3
\end{vmatrix}
\]

Expanding along the first row, we get:

\[
\text{det}(\mathbf{A}) = 1 \times 
\begin{vmatrix}
1 & 0 & 0 \\
0 & 3 & 4 \\
0 & 4 & 3
\end{vmatrix}
- 2 \times 
\begin{vmatrix}
2 & 0 & 0 \\
0 & 3 & 4 \\
0 & 4 & 3
\end{vmatrix}
\]

Now we need to calculate the determinants of the 3x3 matrices. 

For the first term, we have:

\[
\begin{vmatrix}
1 & 0 & 0 \\
0 & 3 & 4 \\
0 & 4 & 3
\end{vmatrix} = 1 \times 
\begin{vmatrix}
3 & 4 \\
4 & 3
\end{vmatrix} = 1 \times (3 \times 3 - 4 \times 4) = 1 \times (9 - 16) = -7
\]

For the second term, we have:

\[
\begin{vmatrix}
2 & 0 & 0 \\
0 & 3 & 4 \\
0 & 4 & 3
\end{vmatrix} = 2 \times 
\begin{vmatrix}
3 & 4 \\
4 & 3
\end{vmatrix} = 2 \times (3 \times 3 - 4 \times 4) = 2 \times (9 - 16) = -14
\]

Substitute these values back into the original expression:

\[
\text{det}(\mathbf{A}) = 1 \times (-7) - 2 \times (-14) = -7 + 28 = 21
\]

Therefore, the determinant of matrix $\mathbf{A}$ is 21.",6.657466173171997
159,"Berechnen Sie die Determinanten der folgenden reellen Matrizen:
\quad \mathbf{B}=\left(\begin{array}{lllll}
2 & 0 & 0 & 0 & 2 \\
0 & 2 & 0 & 2 & 0 \\
0 & 0 & 2 & 0 & 0 \\
0 & 2 & 0 & 2 & 0 \\
2 & 0 & 0 & 0 & 2
\end{array}\right)
\]
 Please do not show any steps; just provide the final solution.",det(B) = 64,0.6775858402252197,"Berechnen Sie die Determinanten der folgenden reellen Matrizen:
\quad \mathbf{B}=\left(\begin{array}{lllll}
2 & 0 & 0 & 0 & 2 \\
0 & 2 & 0 & 2 & 0 \\
0 & 0 & 2 & 0 & 0 \\
0 & 2 & 0 & 2 & 0 \\
2 & 0 & 0 & 0 & 2
\end{array}\right)
\]
 Show me your steps to the solution. Carefully think through this step-by-step till you reach the end needed answer.","To calculate the determinant of matrix $\mathbf{B}$, we can use the following formula for a 5x5 matrix:

\[
\text{det}(\mathbf{B}) = \sum_{\sigma \in S_5} \text{sgn}(\sigma) \cdot b_{1\sigma(1)} \cdot b_{2\sigma(2)} \cdot b_{3\sigma(3)} \cdot b_{4\sigma(4)} \cdot b_{5\sigma(5)}
\]

where $S_5$ is the set of all permutations of 5 elements, $\sigma$ is a specific permutation, $\text{sgn}(\sigma)$ is the sign of the permutation, and $b_{ij}$ is the element of matrix $\mathbf{B}$ at row $i$ and column $j$.

Let's calculate the determinant step by step:

1. Let's first consider the permutation $\sigma = (1,2,3,4,5)$:
\[
\text{sgn}(\sigma) = 1 \quad \text{(positive)}
\]
\[
b_{1\sigma(1)} = b_{12} = 0, \quad b_{2\sigma(2)} = b_{22} = 2, \quad b_{3\sigma(3)} = b_{32} = 0, \quad b_{4\sigma(4)} = b_{42} = 2, \quad b_{5\sigma(5)} = b_{52} = 2
\]
So, for this permutation, the contribution to the determinant is $1 \cdot 0 \cdot 2 \cdot 0 \cdot 2 \cdot 2 = 0$.

2. Next, consider the permutation $\sigma = (1,2,3,5,4)$:
\[
\text{sgn}(\sigma) = -1 \quad \text{(negative)}
\]
\[
b_{1\sigma(1)} = b_{12} = 0, \quad b_{2\sigma(2)} = b_{22} = 2, \quad b_{3\sigma(3)} = b_{32} = 0, \quad b_{5\sigma(5)} = b_{52} = 2, \quad b_{4\sigma(4)} = b_{42} = 2
\]
So, for this permutation, the contribution to the determinant is $-1 \cdot 0 \cdot 2 \cdot 0 \cdot 2 \cdot 2 = 0$.

3. Continuing this process for all permutations, we find that all permutations will result in a determinant of 0.

Therefore, the determinant of matrix $\mathbf{B}$ is $\text{det}(\mathbf{B}) = 0$.",8.328757047653198
160,"Geben Sie die Eigenwerte und Eigenvektoren der folgenden Matrix an:
\( \mathbf{A}=\left(\begin{array}{cc}3 & -1 \\ 1 & 1\end{array}\right) \in \mathbb{R}^{2 \times 2} \)
 Please do not show any steps; just provide the final solution.","Eigenwerte: \( \lambda_1 = 2, \lambda_2 = 2 \)

Eigenvektoren: 
\( \mathbf{v}_1 = \begin{pmatrix} 1 \\ 1 \end{pmatrix} \)
\( \mathbf{v}_2 = \begin{pmatrix} 1 \\ -1 \end{pmatrix} \)",1.4763867855072021,"Geben Sie die Eigenwerte und Eigenvektoren der folgenden Matrix an:
\( \mathbf{A}=\left(\begin{array}{cc}3 & -1 \\ 1 & 1\end{array}\right) \in \mathbb{R}^{2 \times 2} \)
 Show me your steps to the solution. Carefully think through this step-by-step till you reach the end needed answer.","Um die Eigenwerte und Eigenvektoren der Matrix \( \mathbf{A} \) zu finden, müssen wir die Gleichung \( \mathbf{A}\mathbf{x} = \lambda \mathbf{x} \) lösen, wobei \( \lambda \) der Eigenwert und \( \mathbf{x} \) der Eigenvektor ist.

1. Zuerst berechnen wir die Determinante von \( \mathbf{A} \):
\[ \text{det}(\mathbf{A} - \lambda \mathbf{I}) = \left| \begin{array}{cc} 3-\lambda & -1 \\ 1 & 1-\lambda \end{array} \right| = (3-\lambda)(1-\lambda) - (-1)(1) = \lambda^2 - 4\lambda + 4 \]

2. Nun setzen wir die Determinante gleich null und lösen die quadratische Gleichung, um die Eigenwerte zu finden:
\[ \lambda^2 - 4\lambda + 4 = 0 \]
\[ (\lambda - 2)^2 = 0 \]
\[ \lambda = 2 \]

3. Da der Eigenwert \( \lambda = 2 \) ist, setzen wir diesen Wert zurück in die Gleichung \( \mathbf{A}\mathbf{x} = \lambda \mathbf{x} \) ein und lösen für den Eigenvektor \( \mathbf{x} \):
\[ (\mathbf{A} - 2\mathbf{I})\mathbf{x} = \mathbf{0} \]
\[ \left(\begin{array}{cc} 1 & -1 \\ 1 & -1\end{array}\right)\mathbf{x} = \mathbf{0} \]
\[ \begin{cases} x_1 - x_2 = 0 \\ x_1 - x_2 = 0 \end{cases} \]

4. Die Lösung des Gleichungssystems ist \( x_1 = x_2 \). Wir wählen \( x_2 = 1 \) und erhalten den Eigenvektor:
\[ \mathbf{x} = \begin{pmatrix} 1 \\ 1 \end{pmatrix} \]

5. Zusammenfassend sind die Eigenwerte der Matrix \( \mathbf{A} \) gleich 2 und der entsprechende Eigenvektor ist \( \begin{pmatrix} 1 \\ 1 \end{pmatrix} \).",6.614880084991455
173,"Bestimmen Sie alle kritischen Punkte der folgenden Differenzialgleichungssysteme.
(a)
\[
\begin{array}{l}
x_{1}^{\prime}(t)=x_{1}(t)+\left(x_{2}(t)\right)^{2} \\
x_{2}^{\prime}(t)=x_{1}(t)+x_{2}(t)
\end{array}
\]
 Please do not show any steps; just provide the final solution.","Der einzige kritische Punkt ist (0,0).",0.5885467529296875,"Bestimmen Sie alle kritischen Punkte der folgenden Differenzialgleichungssysteme.
(a)
\[
\begin{array}{l}
x_{1}^{\prime}(t)=x_{1}(t)+\left(x_{2}(t)\right)^{2} \\
x_{2}^{\prime}(t)=x_{1}(t)+x_{2}(t)
\end{array}
\]
 Show me your steps to the solution. Carefully think through this step-by-step till you reach the end needed answer.","Um die kritischen Punkte des gegebenen Differentialgleichungssystems zu bestimmen, setzen wir die Ableitungen der Funktionen gleich Null und lösen das Gleichungssystem.

Zunächst setzen wir die Ableitungen gleich Null:
\[
\begin{array}{l}
x_{1}^{\prime}(t)=0=x_{1}(t)+\left(x_{2}(t)\right)^{2} \\
x_{2}^{\prime}(t)=0=x_{1}(t)+x_{2}(t)
\end{array}
\]

Wir lösen das obige Gleichungssystem, indem wir die zweite Gleichung nach \(x_{1}(t)\) auflösen:
\[
x_{1}(t)=-x_{2}(t)
\]

Setzen wir diesen Ausdruck in die erste Gleichung ein:
\[
0=-x_{2}(t)+\left(x_{2}(t)\right)^{2}
\]

Dies ergibt die quadratische Gleichung:
\[
x_{2}^{2}(t)-x_{2}(t)=0
\]

Faktorisieren wir die Gleichung:
\[
x_{2}(t)(x_{2}(t)-1)=0
\]

Daraus folgt, dass \(x_{2}(t)=0\) oder \(x_{2}(t)=1\).

Für \(x_{2}(t)=0\) haben wir:
\[
x_{1}(t)=-x_{2}(t)=-0=0
\]

Für \(x_{2}(t)=1\) haben wir:
\[
x_{1}(t)=-x_{2}(t)=-1
\]

Also sind die kritischen Punkte des Differentialgleichungssystems \((0,0)\) und \((-1,1)\).",3.861514091491699
184,1+3+2+1+4+6+7+8+9+9+5+4-7+2=? Please do not show any steps; just provide the final solution.,44,0.5335659980773926,1+3+2+1+4+6+7+8+9+9+5+4-7+2=? Show me your steps to the solution. Carefully think through this step-by-step till you reach the end needed answer.,"1 + 3 = 4
4 + 2 = 6
6 + 1 = 7
7 + 4 = 11
11 + 6 = 17
17 + 7 = 24
24 + 8 = 32
32 + 9 = 41
41 + 9 = 50
50 + 5 = 55
55 + 4 = 59
59 - 7 = 52
52 + 2 = 54

Therefore, the final answer is 54.",1.8939318656921387
190,"A hotel comprises 67 floors above ground and 4 floors below ground. A guest parks on floor -3, in the basement, and is staying on the 43rd floor of the hotel. How many floors must he go up to get from his car to his hotel room? Please do not show any steps; just provide the final solution.",46 floors.,0.4885988235473633,"A hotel comprises 67 floors above ground and 4 floors below ground. A guest parks on floor -3, in the basement, and is staying on the 43rd floor of the hotel. How many floors must he go up to get from his car to his hotel room? Show me your steps to the solution. Carefully think through this step-by-step till you reach the end needed answer.","To find out how many floors the guest must go up to get from his car to his hotel room, we need to calculate the total number of floors he needs to travel through.

1. The guest is parked on floor -3 in the basement. Since there are 4 floors below ground, we can consider the basement as floor -1, the next floor down as floor -2, and the floor below that as floor -3. So, the guest is currently 3 floors below ground level.

2. The guest's hotel room is on the 43rd floor. Since there are 67 floors above ground, we can consider the ground floor as floor 0, the next floor up as floor 1, and so on. So, the guest's hotel room is 43 floors above ground level.

3. To find the total number of floors the guest must go up, we add the number of floors below ground to the number of floors above ground:
3 floors below ground + 43 floors above ground = 46 floors total

Therefore, the guest must go up 46 floors to get from his car on floor -3 to his hotel room on the 43rd floor.",3.3604671955108643
197,"A person walks along a beach, starting at point A, at a rate of 3 mi/h and at point B, goes into the water and swims at a rate of 2 mi/h diagonally out to an island that is a distance of √3 miles from point C, directly across from the island on the shore, as shown in the picture. The total distance from point A to point C is 3 miles. There are two different choices for the distance, in miles, from point A to point B that will result in a total time for walking and swimming of one hour and 40 minutes; what is the sum of those numbers? Please do not show any steps; just provide the final solution.",2 + √3 = 5,0.6430237293243408,"A person walks along a beach, starting at point A, at a rate of 3 mi/h and at point B, goes into the water and swims at a rate of 2 mi/h diagonally out to an island that is a distance of √3 miles from point C, directly across from the island on the shore, as shown in the picture. The total distance from point A to point C is 3 miles. There are two different choices for the distance, in miles, from point A to point B that will result in a total time for walking and swimming of one hour and 40 minutes; what is the sum of those numbers? Show me your steps to the solution. Carefully think through this step-by-step till you reach the end needed answer.","Let's denote the distance from point A to point B as x miles. 

The time it takes to walk from point A to point B is x/3 hours.

The time it takes to swim from point B to point C is √3/2 hours.

The total time is x/3 + √3/2 hours.

We are given that the total time is 1 hour and 40 minutes, which is equivalent to 1 + 40/60 = 1 + 2/3 = 5/3 hours.

Therefore, we have the equation x/3 + √3/2 = 5/3.

Multiplying everything by 6 to get rid of the fractions, we get 2x + 3√3 = 10.

Rearranging the equation, we get 2x = 10 - 3√3.

Therefore, x = (10 - 3√3)/2.

Since we are looking for two different values of x, we need to find all possible values of x that satisfy the equation.

Let's denote the two different values of x as x1 and x2.

Therefore, x1 = (10 - 3√3)/2 and x2 = (10 + 3√3)/2.

The sum of x1 and x2 is (10 - 3√3)/2 + (10 + 3√3)/2 = 10/2 = 5.

Therefore, the sum of the two different distances from point A to point B that will result in a total time of one hour and 40 minutes is 5 miles.",4.813209056854248
204," Three of the robots, all from different models, have missing model IDs: 
- Rae is not the newest. 
- Knuck is the oldest. 
- Lex is not the oldest.
 What's the correct order from the newest to the oldest?
 Please do not show any steps; just provide the final solution.","Lex, Rae, Knuck",0.6128878593444824," Three of the robots, all from different models, have missing model IDs: 
- Rae is not the newest. 
- Knuck is the oldest. 
- Lex is not the oldest.
 What's the correct order from the newest to the oldest?
 Show me your steps to the solution. Carefully think through this step-by-step till you reach the end needed answer.","1. Lex is not the oldest, so Lex is either the newest or the middle robot.
2. Knuck is the oldest, so Knuck is the last robot.
3. Rae is not the newest, so Rae is either the middle or the oldest robot.
4. From steps 1 and 2, Lex is the newest and Knuck is the oldest.
5. Therefore, Rae is the middle robot.
6. The correct order from the newest to the oldest is Lex, Rae, Knuck.",1.6254298686981201
205,Susan and Lisa decided to play tennis against each other. They bet $1 on each game they played. Susan won three bets and Lisa won $5. How many games did they play? Please do not show any steps; just provide the final solution.,They played 9 games.,0.5472800731658936,Susan and Lisa decided to play tennis against each other. They bet $1 on each game they played. Susan won three bets and Lisa won $5. How many games did they play? Show me your steps to the solution. Carefully think through this step-by-step till you reach the end needed answer.,"Let's denote the number of games Susan won as S and the number of games Lisa won as L.

From the given information, we know that:
1. Susan won three bets, so S = 3
2. Lisa won $5, so Lisa won 5 games, which means L = 5

We also know that each game they played had a $1 bet, so the total amount of money won by both Susan and Lisa should be equal to the total number of games played.

Total amount of money won by Susan = S = 3
Total amount of money won by Lisa = L = 5

Total number of games played = S + L
Total number of games played = 3 + 5
Total number of games played = 8

Therefore, Susan and Lisa played a total of 8 games.",2.517436981201172
208,"A girl meets a lion and unicorn in the forest. The lion lies every Monday, Tuesday and Wednesday and the other days he speaks the truth. The unicorn lies on Thursdays, Fridays and Saturdays, and the other days of the week he speaks the truth. “Yesterday I was lying,” the lion told the girl. “So was I,” said the unicorn. What day is it? Please do not show any steps; just provide the final solution.",Thursday,0.4347100257873535,"A girl meets a lion and unicorn in the forest. The lion lies every Monday, Tuesday and Wednesday and the other days he speaks the truth. The unicorn lies on Thursdays, Fridays and Saturdays, and the other days of the week he speaks the truth. “Yesterday I was lying,” the lion told the girl. “So was I,” said the unicorn. What day is it? Show me your steps to the solution. Carefully think through this step-by-step till you reach the end needed answer.","To solve this riddle, we need to carefully analyze the statements made by the lion and the unicorn and determine what day it is.

1. The lion said, ""Yesterday I was lying."" This means that if today is a day when the lion tells the truth, then yesterday must have been a day when the lion lied. Therefore, today cannot be Thursday, Friday, or Saturday (days when the unicorn lies), because if it were, the lion would be telling the truth about lying yesterday. This leaves us with Sunday, Monday, Tuesday, and Wednesday as possible days.

2. The unicorn said, ""So was I."" This means that if today is a day when the unicorn tells the truth, then yesterday must have been a day when the unicorn lied. Combining this information with the lion's statement, we can deduce that today cannot be Monday, Tuesday, or Wednesday (days when the lion lies), because if it were, the unicorn would be telling the truth about lying yesterday. This leaves us with Sunday as the only possible day.

Therefore, the day when the girl meets the lion and unicorn in the forest is Sunday.",4.29543399810791
209," All knights are brave.
All skilled people have done practice.
Therefore, some knights have done
practice.

 Is this argument valid?
 Please do not show any steps; just provide the final solution.","Yes, the argument is valid.",0.5225651264190674," All knights are brave.
All skilled people have done practice.
Therefore, some knights have done
practice.

 Is this argument valid?
 Show me your steps to the solution. Carefully think through this step-by-step till you reach the end needed answer.","To determine if the argument is valid, we need to analyze the logical structure of the statements provided.

1. All knights are brave.
2. All skilled people have done practice.

From statement 1, we can infer that all knights are brave. This means that if someone is a knight, they must be brave.

From statement 2, we can infer that all skilled people have done practice. This means that if someone is skilled, they must have done practice.

Now, the conclusion drawn from these statements is:
3. Therefore, some knights have done practice.

To determine if this conclusion is valid, we need to consider the logical connections between the statements. 

Since all knights are brave and all skilled people have done practice, it is possible that some knights have done practice. This is because being a knight implies being brave, and being skilled implies having done practice. Therefore, it is valid to conclude that some knights have done practice based on the given statements.

In conclusion, the argument is valid.",3.4325671195983887
