problem_id,initial_prompt,initial_response,initial_runtime
6,"Wie groß ist die Summe aller fünfstelligen Zahlen, die man aus den Ziffern 1, 2, 3, 4 und 5 bilden kann? Jede Ziffer darf in jeder Zahl nur einmal verwendet werden.","Um die Summe aller fünfstelligen Zahlen zu berechnen, die aus den Ziffern 1, 2, 3, 4 und 5 gebildet werden können, müssen wir zuerst herausfinden, wie viele solcher Zahlen es gibt.

Es gibt insgesamt 5 Ziffern, aus denen wir die Zahlen bilden können. Für die erste Stelle haben wir also 5 Möglichkeiten, für die zweite Stelle 4 Möglichkeiten, für die dritte Stelle 3 Möglichkeiten, für die vierte Stelle 2 Möglichkeiten und für die fünfte Stelle 1 Möglichkeit. Insgesamt gibt es also 5 * 4 * 3 * 2 * 1 = 120 verschiedene fünfstellige Zahlen, die wir bilden können.

Um die Summe dieser Zahlen zu berechnen, können wir die Durchschnittszahl für jede Stelle berechnen. Da jede Ziffer (1, 2, 3, 4, 5) gleich oft an jeder Stelle vorkommt, beträgt die Durchschnittszahl für jede Stelle (1+2+3+4+5)/5 = 3. Die Summe aller fünfstelligen Zahlen beträgt also 3 * 11111 * 120 = 19999800.",3.903059959411621
8,Um wie viel ist die Summe der ungeraden sechsstelligen Zahlen größer als die Summe der geraden sechsstelligen Zahlen?,"Die Summe der ungeraden sechsstelligen Zahlen ist größer als die Summe der geraden sechsstelligen Zahlen um 500.000. Dies liegt daran, dass es genauso viele ungerade wie gerade Zahlen gibt, aber die ungeraden Zahlen jeweils um 1 größer sind als die entsprechenden geraden Zahlen. Daher ist die Differenz zwischen einer ungeraden und einer geraden Zahl immer 1. Da es 500.000 sechsstellige Zahlen gibt, ist die Gesamtsumme der ungeraden Zahlen um 500.000 größer als die Gesamtsumme der geraden Zahlen.",2.5388967990875244
18,"Bestimme alle natürlichen Zahlen n, für die n^5 n durch 120 teilbar ist.","Eine natürliche Zahl n ist genau dann durch 120 teilbar, wenn sie sowohl durch 3 als auch durch 5 teilbar ist. 

Da n^5 durch 120 teilbar ist, muss n^5 sowohl durch 3 als auch durch 5 teilbar sein. 

Da 5 eine Primzahl ist, muss n durch 5 teilbar sein. 

Da 3 eine Primzahl ist, muss n^5 durch 3 teilbar sein. 

Da n durch 5 teilbar ist, ist n^5 durch 5^5 = 3125 teilbar. 

Da n^5 durch 3 teilbar ist, ist n^5 durch 3^5 = 243 teilbar. 

Da n^5 sowohl durch 3125 als auch durch 243 teilbar ist, muss n^5 auch durch das kleinste gemeinsame Vielfache von 3125 und 243 teilbar sein. 

Das kleinste gemeinsame Vielfache von 3125 und 243 ist 3125*243 = 759375. 

Also muss n^5 durch 759375 teilbar sein. 

Da n^5 durch 759375 teilbar ist, muss n durch die fünfte Wurzel von 759375 teilbar sein. 

Die fünfte Wurzel von 759375 ist etwa 15. 

Also sind alle natürlichen Zahlen n, die durch 120 teilbar sind, auch durch 15 teilbar. 

Daher sind alle natürlichen Zahlen n, für die n^5 durch 120 teilbar ist, Vielfache von 15.",4.927520751953125
20,"Gesucht sind alle Brüche mit dem Wert 2/5, bei denen die Summe aus Zähler und Nenner eine Quadratzahl mit höchstens drei Ziffern ist.","Die Brüche mit dem Wert 2/5 sind:

2/5 = 4/10 = 8/20 = 16/40 = 32/80 = 64/160 = ...

Die Summe aus Zähler und Nenner ist in diesem Fall immer eine Zweierpotenz. Um eine Quadratzahl mit höchstens drei Ziffern zu erhalten, müssen wir die Potenzen von 2 bis 2^8 = 256 betrachten.

Die Brüche mit dem Wert 2/5 und einer Summe aus Zähler und Nenner, die eine Quadratzahl mit höchstens drei Ziffern ist, sind:

16/40 = 4/10
64/160 = 4/10

Also gibt es insgesamt zwei solche Brüche.",3.2928659915924072
26,Die quadratische Gleichung x^2 + ax + a - 2 = 0 besitze die Lösungen x1 und x2. Für welchen Parameterwert a nimmt die Summe der Quadrate von x1 und x2 den kleinsten Wert an?,"Um die Summe der Quadrate von x1 und x2 zu minimieren, betrachten wir die quadratische Gleichung in Bezug auf die Koeffizienten a und b.

Die Summe der Quadrate von x1 und x2 ist gegeben durch:

x1^2 + x2^2 = (x1 + x2)^2 - 2x1x2

Da x1 und x2 die Lösungen der Gleichung sind, gilt nach der quadratischen Formel:

x1 + x2 = -a
x1 * x2 = a - 2

Setzen wir diese Werte in die obige Gleichung ein:

x1^2 + x2^2 = (-a)^2 - 2(a - 2) = a^2 - 2a + 4

Um den kleinsten Wert für die Summe der Quadrate zu finden, leiten wir die Gleichung nach a ab und setzen die Ableitung gleich Null:

d/dx (a^2 - 2a + 4) = 2a - 2 = 0
2a = 2
a = 1

Daher nimmt die Summe der Quadrate von x1 und x2 den kleinsten Wert an, wenn a = 1 ist.",4.770230054855347
27,Für welche Werte von a und b ist x^2 + 5x + 6 ein Teiler von x^4 + ax^3 - x^2 + ax + b?,"Um herauszufinden, für welche Werte von a und b x^2 + 5x + 6 ein Teiler von x^4 + ax^3 - x^2 + ax + b ist, müssen wir die Polynomdivision durchführen.

Wir dividieren x^4 + ax^3 - x^2 + ax + b durch x^2 + 5x + 6:

         x^2 + (a-5)x + (-1)
x^2 + 5x + 6 | x^4 + ax^3 - x^2 + ax + b
- (x^4 + 5x^3 + 6x)
-------------------
          (a-5)x - 7x + b
- ((a-5)x + 5(a-5) + 6)
-------------------
                    -7x + b - 5(a-5) - 6

Damit x^2 + 5x + 6 ein Teiler von x^4 + ax^3 - x^2 + ax + b ist, muss der Rest -7x + b - 5(a-5) - 6 gleich Null sein.

Daraus ergibt sich:
-7x + b - 5(a-5) - 6 = 0
-b - 5a + 31 = 0
-b - 5a = -31

Für welche Werte von a und b diese Gleichung erfüllt ist, hängt von den spezifischen Anforderungen ab.",9.38353681564331
32,"Wie viele dreistellige Zahlen abc gibt es, bei denen die Summe von zwei Ziffern gleich der verbleibenden Ziffer ist? (Beispiel: 473, denn 4 + 3 = 7 ). Erwartet wird keine Aufzählung dieser Zahlen, sondern die Bestimmung der Anzahl mit Begründung.","Um die Anzahl der dreistelligen Zahlen zu bestimmen, bei denen die Summe von zwei Ziffern gleich der verbleibenden Ziffer ist, betrachten wir die möglichen Fälle:

1. Die Ziffern sind alle gleich: Es gibt 9 solche Zahlen (111, 222, ..., 999).

2. Zwei Ziffern sind gleich und die dritte ist verschieden: Es gibt 9 Möglichkeiten für die gleich Ziffern (1-9) und 8 Möglichkeiten für die verbleibende Ziffer (1-9 ohne die bereits gewählte Ziffer). Insgesamt gibt es also 9 * 8 = 72 solche Zahlen.

3. Alle Ziffern sind verschieden: Es gibt 9 Möglichkeiten für die erste Ziffer, 8 Möglichkeiten für die zweite Ziffer und 7 Möglichkeiten für die dritte Ziffer. Insgesamt gibt es also 9 * 8 * 7 = 504 solche Zahlen.

Insgesamt gibt es also 9 + 72 + 504 = 585 dreistellige Zahlen, bei denen die Summe von zwei Ziffern gleich der verbleibenden Ziffer ist.",4.877089977264404
37,"Wie viele sechsstellige Zahlen, in denen jede der Ziffern 1, 2, 3, 4, 5 und 6 genau einmal vorkommt, sind durch 3 aber nicht durch 9 und durch 4 aber nicht durch 8 teilbar?","Um eine sechsstellige Zahl zu bilden, in der jede der Ziffern 1, 2, 3, 4, 5 und 6 genau einmal vorkommt, gibt es insgesamt 6! = 720 Möglichkeiten.

Um zu überprüfen, ob eine Zahl durch 3 teilbar ist, müssen wir die Summe der Ziffern berechnen und prüfen, ob diese Summe durch 3 teilbar ist. In diesem Fall beträgt die Summe 1+2+3+4+5+6 = 21, was durch 3 teilbar ist.

Um zu überprüfen, ob eine Zahl durch 9 teilbar ist, müssen wir die Summe der Ziffern erneut berechnen und prüfen, ob diese Summe durch 9 teilbar ist. In diesem Fall ist die Summe 21, was nicht durch 9 teilbar ist.

Um zu überprüfen, ob eine Zahl durch 4 teilbar ist, müssen wir die letzten beiden Ziffern der Zahl betrachten. Da die Ziffern 5 und 6 an den letzten beiden Stellen stehen, ist die Zahl nicht durch 4 teilbar.

Um zu überprüfen, ob eine Zahl durch 8 teilbar ist, müssen wir die letzten drei Ziffern der Zahl betrachten. Da die Ziffern 4, 5 und 6 an den letzten drei Stellen stehen, ist die Zahl nicht durch 8 teilbar.

Daher gibt es keine sechsstellige Zahl, die alle Bedingungen erfüllt.",5.651730060577393
42,"Turnip for the books:  ‘It’s been a good year for turnips,’ farmer Hogswill remarked to his neighbour, Farmer Suticle.
‘Yup, that it has,’ the other replied. ‘How many did you grow?’
‘Well . . . I don’t exactly recall, but I do remember that when I took the turnips to market, I sold six-sevenths of them, plus one-seventh of a turnip, in the first hour.’
‘Must’ve been tricky cuttin’ ’em up.’
‘No, it was a whole number that I sold. I never cuts ’em.’ ‘If’n you say so, Hogswill. Then what?’
‘I sold six-sevenths of what was left, plus one-seventh of a
turnip, in the second hour. Then I sold six-sevenths of what was left, plus one-seventh of a turnip, in the third hour. And finally I sold six-sevenths of what was left, plus one-seventh of a turnip, in the fourth hour. Then I went home.’
‘Why?’
‘’Cos I’d sold the lot.’
How many turnips did Hogswill take to market?
","Hogswill took 7 turnips to the market. 

In the first hour, he sold 6/7 + 1/7 = 1 turnip
After the first hour, he had 6 turnips left.
In the second hour, he sold 6/7 + 1/7 = 1 turnip
After the second hour, he had 5 turnips left.
In the third hour, he sold 5/7 + 1/7 = 1 turnip
After the third hour, he had 4 turnips left.
In the fourth hour, he sold 4/7 + 1/7 = 1 turnip
After the fourth hour, he had 3 turnips left.
Since he sold all the turnips, he must have taken 7 turnips to the market.",3.030371904373169
60,"Hippopotamian Logic
I won’t eat my hat.
If hippos don’t eat acorns, then oak trees will grow in Africa.
If oak trees don’t grow in Africa, then squirrels hibernate in winter.
If hippos eat acorns and squirrels hibernate in winter, then I’ll eat my hat.
Therefore – what?
","Therefore, hippos don't eat acorns and oak trees do not grow in Africa, so squirrels do not hibernate in winter. As a result, the hippopotamus will not eat its hat.",1.3334426879882812
79,"Ein Erfinder stellt drei Maßnahmen vor, die jeweils den Energieverbrauch eines Motors reduzieren sollen. Die erste verringert den Verbrauch um 20%, die zweite um 30% und die dritte gar um 50%. Kann der Verbrauch des Motors mit allen drei auf null reduziert werden? Wenn nein, auf wie viel dann?","Nein, der Verbrauch des Motors kann nicht auf null reduziert werden, da selbst wenn alle drei Maßnahmen kombiniert werden, der Verbrauch immer noch um mindestens 50% reduziert wird. Das bedeutet, dass der Verbrauch des Motors um maximal 50% reduziert werden kann.",2.298516035079956
81,"Berechnen Sie zu den komplexen Zahlen
\[ z_1 = 1 - i, \quad z_2 = 1 + 3i, \quad z_3 = 2 - 4i \]

die Real- und Imaginärteile der Ausdrücke
1. \(-z_1\)
2. \( \overline{z_1} \) (conjugate of \( z_1 \))
3. \( z_1 z_2 \) (product of \( z_1 \) and \( z_2 \))
4. \( \frac{z_2}{z_3} \) (quotient of \( z_2 \) by \( z_3 \))
5. \( \frac{z_1}{\overline{z_2} - z_1^2} \)
6. \( \frac{z_3}{2z_1 - \overline{z_2}} \) 
","1. 
\(-z_1 = -1 + i\)

2. 
\( \overline{z_1} = 1 + i\)

3. 
\( z_1 z_2 = (1 - i)(1 + 3i) = 1 + 3i - i - 3i^2 = 1 + 3i - i + 3 = 4 + 2i\)

4. 
\( \frac{z_2}{z_3} = \frac{1 + 3i}{2 - 4i} = \frac{(1 + 3i)(2 + 4i)}{(2 - 4i)(2 + 4i)} = \frac{2 + 4i + 6i + 12i^2}{4 + 16} = \frac{-10 + 10i}{20} = -\frac{1}{2} + \frac{1}{2}i\)

5. 
\( \frac{z_1}{\overline{z_2} - z_1^2} = \frac{1 - i}{1 - 3i - (1 - i)^2} = \frac{1 - i}{1 - 3i - 1 + 2i - i^2} = \frac{1 - i}{-2 - i} = \frac{(1 - i)(-2 + i)}{(-2 - i)(-2 + i)} = \frac{-2 + i + 2i - i^2}{4 + 1} = \frac{-1 + 3i}{5} = -\frac{1}{5} + \frac{3}{5}i\)

6. 
\( \frac{z_3}{2z_1 - \overline{z_2}} = \frac{2 - 4i}{2(1 - i) - (1 - 3i)} = \frac{2 - 4i}{2 - 2i - 1 + 3i} = \frac{2 - 4i}{1 + i} = \frac{(2 - 4i)(1 - i)}{(1 + i)(1 - i)} = \frac{2 - 2i - 4i + 4i^2}{1 - i^2} = \frac{-2 - 6i}{2} = -1 - 3i\)",6.924401760101318
88,"Ist ein reelles lineares Gleichungssystem (A|B) mit n Unbekannten und n Gleichungen für ein b eindeutig lösbar, so ist es dies auch für jedes b - stimmt das?","Ja, das stimmt. Wenn ein reelles lineares Gleichungssystem mit n Unbekannten und n Gleichungen für ein bestimmtes b eindeutig lösbar ist, bedeutet das, dass es genau eine Lösung gibt. Da die Lösung des Gleichungssystems unabhängig von b ist, gilt dies auch für jedes andere b. Das Gleichungssystem ist also für jedes b eindeutig lösbar.",2.269700765609741
95,"Von einer Fußballmannschaft (11 Mann) sind 4 Spieler jünger als 25 Jahre, 3 sind 25, der Rest (4 Spieler) ist älter. Das Durchschnittsalter liegt bei 28 Jahren. Wo liegt der Median? Wie ändern sich Median und Mittelwert, wenn für den 40-jährigen Torwart ein 18-jähriger eingewechselt wird?","Der Median ist der Wert in der Mitte einer sortierten Liste von Zahlen. Da es insgesamt 11 Spieler gibt, liegt der Median bei Spieler Nummer 6, also bei dem dritten 25-jährigen Spieler.

Der aktuelle Durchschnittsalter beträgt 28 Jahre. Wenn der 40-jährige Torwart durch einen 18-jährigen ersetzt wird, ändert sich der Durchschnitt wie folgt:

(4*24 + 3*25 + 3*28 + 1*18) / 11 = 26,36 Jahre

Der neue Durchschnitt beträgt also 26,36 Jahre.

Der Median ändert sich nicht, da der 18-jährige Spieler an der Position des Torwarts nicht die Reihenfolge der Spieler nach Alter beeinflusst.",2.7670581340789795
97,"„Wenn zwei Merkmale X und Y stark miteinander korrelieren, dann muss eine kausale Beziehung zwischen X und Y herrschen.“ Ist diese Aussage richtig?","Nein, diese Aussage ist nicht zwangsläufig richtig. Eine starke Korrelation zwischen zwei Merkmalen bedeutet lediglich, dass sie in irgendeiner Weise miteinander zusammenhängen, aber nicht zwangsläufig, dass eine kausale Beziehung zwischen ihnen besteht. Es könnte auch sein, dass ein dritter Faktor beide Merkmale beeinflusst und somit die Korrelation verursacht. Um eine kausale Beziehung zu bestätigen, sind weitere Untersuchungen und Experimente erforderlich.",2.433887004852295
101,Ein Autokennzeichen bestehe aus 1 bis 3 Buchstaben gefolgt von 4 Ziffern. Wie viel verschiedene Kennzeichen können so erzeugt werden?,"Es gibt 26 Buchstaben im Alphabet und 10 Ziffern (0-9). 

Für ein Kennzeichen mit 1 Buchstaben gibt es 26 Möglichkeiten (A-Z) und für die 4 Ziffern gibt es 10^4 = 10.000 Möglichkeiten. Insgesamt gibt es also 26 * 10.000 = 260.000 verschiedene Kennzeichen.

Für ein Kennzeichen mit 2 Buchstaben gibt es 26^2 = 676 Möglichkeiten und für die 4 Ziffern gibt es wieder 10.000 Möglichkeiten. Insgesamt gibt es also 676 * 10.000 = 6.760.000 verschiedene Kennzeichen.

Für ein Kennzeichen mit 3 Buchstaben gibt es 26^3 = 17.576 Möglichkeiten und für die 4 Ziffern gibt es wieder 10.000 Möglichkeiten. Insgesamt gibt es also 17.576 * 10.000 = 175.760.000 verschiedene Kennzeichen.

Insgesamt können also 260.000 + 6.760.000 + 175.760.000 = 182.780.000 verschiedene Kennzeichen erzeugt werden.",4.025080919265747
119,"Bestimmen Sie Real- und Imaginärteil der Lösungen folgende quadratische Gleichung
\( (z-(1+2 \mathrm{i})) z=3-\mathrm{i} \)
","Um die Real- und Imaginärteile der Lösungen zu bestimmen, setzen wir \( z = x + \mathrm{i}y \) und lösen die Gleichung nach \( x \) und \( y \) auf.

Das gegebene Gleichungssystem lautet:
\[
(x + \mathrm{i}y - (1+2\mathrm{i}))(x + \mathrm{i}y) = 3 - \mathrm{i}
\]

Multiplizieren wir die linke Seite aus, erhalten wir:
\[
(x + \mathrm{i}y - 1 - 2\mathrm{i})(x + \mathrm{i}y) = 3 - \mathrm{i}
\]
\[
x^2 + \mathrm{i}xy - x - 2\mathrm{i}x + \mathrm{i}^2y^2 + \mathrm{i}^2y = 3 - \mathrm{i}
\]

Da \( \mathrm{i}^2 = -1 \) ist, können wir dies vereinfachen zu:
\[
x^2 + \mathrm{i}xy - x - 2\mathrm{i}x - y = 3 - \mathrm{i}
\]

Vergleichen wir nun die Real- und Imaginärteile auf beiden Seiten der Gleichung, erhalten wir zwei Gleichungen:
1. Realteil: \( x^2 - y = 3 \)
2. Imaginärteil: \( xy - 2x = -1 \)

Diese beiden Gleichungen können wir nun lösen, um die Real- und Imaginärteile der Lösungen zu bestimmen.",5.2819483280181885
123,"\( \cdot \) Für welche Startwerte \( a_{0} \in \mathbb{R} \) konvergiert die rekursiv definierte Folge \( \left(a_{n}\right) \) mit
\[
a_{n+1}=\frac{1}{4}\left(a_{n}^{2}+3\right), \quad n \in \mathbb{N} \text { ? }
\]
","Um herauszufinden, für welche Startwerte die Folge konvergiert, betrachten wir das Verhalten der Folge für große \( n \). Dazu betrachten wir den Grenzwert \( \lim_{n \to \infty} a_{n} \).

Angenommen die Folge konvergiert gegen einen Grenzwert \( L \), dann gilt
\[
L = \frac{1}{4}\left(L^{2}+3\right).
\]
Dies ist eine quadratische Gleichung, die wir lösen können. Zuerst bringen wir sie in die Standardform:
\[
0 = L^{2} - 4L + 3.
\]
Diese Gleichung hat die Lösungen \( L_{1} = 1 \) und \( L_{2} = 3 \). 

Daraus folgt, dass die Folge für Startwerte \( a_{0} = 1 \) oder \( a_{0} = 3 \) konvergiert.",3.643925666809082
132,"Bestimmen Sie den Konvergenzradius und den Konvergenzkreis der folgenden Potenzreihen.
\( \left(\sum_{n=0}^{\infty} \frac{n+\mathrm{i}}{(\sqrt{2} \mathrm{i})^{n}}\binom{2 n}{n} z^{2 n}\right) \)
","Zuerst bestimmen wir den Konvergenzradius mithilfe der Formel von Cauchy-Hadamard:

\( R = \frac{1}{\limsup_{n \to \infty} \sqrt[n]{|a_n|}} \)

wobei \( a_n = \frac{n+\mathrm{i}}{(\sqrt{2} \mathrm{i})^{n}}\binom{2 n}{n} \).

Zuerst betrachten wir den Betrag von \( a_n \):

\( |a_n| = \left| \frac{n+\mathrm{i}}{(\sqrt{2} \mathrm{i})^{n}}\binom{2 n}{n} \right| = \frac{|n+\mathrm{i}|}{|\sqrt{2} \mathrm{i}|^{n}}|\binom{2 n}{n}| \)

Da \( |n+\mathrm{i}| = \sqrt{n^2 + 1} \) und \( |\sqrt{2} \mathrm{i}| = \sqrt{2} \), erhalten wir:

\( |a_n| = \frac{\sqrt{n^2 + 1}}{\sqrt{2}^n}|\binom{2 n}{n}| \)

Da der Betrag des Binomialkoeffizienten beschränkt ist, können wir den Grenzwert des Quotienten der aufeinanderfolgenden Glieder berechnen:

\( \lim_{n \to \infty} \frac{|a_{n+1}|}{|a_n|} = \lim_{n \to \infty} \frac{\sqrt{(n+1)^2 + 1}}{\sqrt{2}^{n+1}} \frac{\sqrt{2}^n}{\sqrt{n^2 + 1}} = \frac{\sqrt{2}}{\sqrt{2}} = 1 \)

Daraus folgt, dass der Konvergenzradius \( R = 1 \) ist.

Der Konvergenzkreis ist der offene Kreis um den Entwicklungspunkt \( z = 0 \) mit dem Radius \( R = 1 \), also der Einheitskreis \( |z| < 1 \).",7.584383964538574
133,"Bestimmen Sie den Konvergenzradius und den Konvergenzkreis der folgenden Potenzreihen.
\( \left(\sum_{n=0}^{\infty} \frac{(2+\mathrm{i})^{n}-\mathrm{i}}{\mathrm{i}^{n}}(z+\mathrm{i})^{n}\right) \)
","Zuerst bestimmen wir den Konvergenzradius mithilfe des Quotientenkriteriums:

\[ \lim_{n \to \infty} \left| \frac{a_{n+1}}{a_n} \right| = \lim_{n \to \infty} \left| \frac{(2+\mathrm{i})^{n+1}-\mathrm{i}}{\mathrm{i}^{n+1}} \cdot \frac{\mathrm{i}^{n}}{(2+\mathrm{i})^{n}-\mathrm{i}} \right| \cdot |z+\mathrm{i}| = |2+\mathrm{i}| \cdot |z+\mathrm{i}| \]

Da der Grenzwert \( |2+\mathrm{i}| \cdot |z+\mathrm{i}| \) unabhängig von \( n \) ist, konvergiert die Potenzreihe für alle \( z \) mit \( |z+\mathrm{i}| < \frac{1}{|2+\mathrm{i}|} \).

Somit ist der Konvergenzradius \( R = \frac{1}{|2+\mathrm{i}|} \) und der Konvergenzkreis ist der offene Kreis um \( -\mathrm{i} \) mit Radius \( \frac{1}{|2+\mathrm{i}|} \).",4.026885986328125
140,"Man bestimme die im Folgenden angegebenen Integrale:
\[
I=\int x \sin x \mathrm{~d} x
\]
","Um das Integral zu bestimmen, können wir partielle Integration verwenden. Die Formel für partielle Integration lautet:
\[
\int u \mathrm{~d}v = uv - \int v \mathrm{~d}u
\]
Hier setzen wir $u = x$ und $v = -\cos x$. Dann haben wir:
\[
\begin{aligned}
I &= \int x \sin x \mathrm{~d} x \\
&= -x \cos x - \int (-\cos x) \mathrm{~d}x \\
&= -x \cos x + \int \cos x \mathrm{~d}x \\
&= -x \cos x + \sin x + C
\end{aligned}
\]
Daher ist das bestimmte Integral:
\[
\int x \sin x \mathrm{~d} x = -x \cos x + \sin x + C
\]
wobei $C$ die Integrationskonstante ist.",3.7811760902404785
142," \[
I_{1}=\int \frac{x}{\cosh ^{2} x} \mathrm{~d} x, \quad I_{2}=\int \frac{\ln \left(x^{2}\right)}{x^{2}} \mathrm{~d} x
\]
","To solve \(I_1\), we can use integration by parts. Let's set \(u = x\) and \(dv = \frac{1}{\cosh^2 x} dx\). Then, we have \(du = dx\) and \(v = \tanh x\).

Using the formula for integration by parts:
\[
\int u \, dv = uv - \int v \, du
\]
we get:
\[
I_1 = x \tanh x - \int \tanh x \, dx
\]

Now, we can integrate \(\int \tanh x \, dx\) using the substitution method. Let \(u = \cosh x\), then \(du = \sinh x \, dx\). Therefore:
\[
\int \tanh x \, dx = \int \frac{\sinh x}{\cosh x} \, dx = \int \frac{1}{u} \, du = \ln|\cosh x|
\]

Substitute this back into the expression for \(I_1\):
\[
I_1 = x \tanh x - \ln|\cosh x| + C
\]

For \(I_2\), we can use the substitution method. Let \(u = \ln(x^2)\), then \(du = \frac{2}{x} dx\). Therefore:
\[
I_2 = \int u \, du = \frac{1}{2}u^2 + C = \frac{1}{2}(\ln(x^2))^2 + C
\]

Therefore, the solutions are:
\[
I_1 = x \tanh x - \ln|\cosh x| + C_1
\]
\[
I_2 = \frac{1}{2}(\ln(x^2))^2 + C_2
\]",7.250885963439941
145,"\[
I=\int \cos \left(\mathrm{e}^{\sin x}\right) \mathrm{e}^{\sin x} \cos x \mathrm{~d} x
\]
 ","Let $u = \sin x$, then $du = \cos x dx$. Also, note that $\cos(\mathrm{e}^u) = \cos \left(\mathrm{e}^{\sin x}\right)$. Therefore, the integral becomes:
\[
I = \int \cos(\mathrm{e}^u) \mathrm{e}^u \mathrm{~d}u
\]

Now, let $v = \mathrm{e}^u$, then $dv = \mathrm{e}^u du$. Substituting these into the integral, we get:
\[
I = \int \cos v \mathrm{~d}v
\]

Integrating $\cos v$ with respect to $v$ gives:
\[
I = \sin v + C = \sin(\mathrm{e}^u) + C = \sin(\mathrm{e}^{\sin x}) + C
\]

Therefore, the final answer is:
\[
\int \cos \left(\mathrm{e}^{\sin x}\right) \mathrm{e}^{\sin x} \cos x \mathrm{~d} x = \sin(\mathrm{e}^{\sin x}) + C
\]",3.9874889850616455
151,"""Bestimmen Sie die allgemeine Lösung der linearen Differenzialgleichung erster Ordnung
\[
u^{\prime}(x)+\cos (x) u(x)=\frac{1}{2} \sin (2 x), \quad x \in(0, \pi) \text {. }
\]
","Um die allgemeine Lösung der gegebenen linearen Differenzialgleichung erster Ordnung zu bestimmen, betrachten wir zuerst die homogene Gleichung:
\[
u^{\prime}(x)+\cos (x) u(x) = 0
\]

Diese Gleichung ist separierbar und kann durch Trennung der Variablen gelöst werden. Wir teilen beide Seiten durch \(u(x)\) und multiplizieren mit \(dx\):
\[
\frac{du}{u} = -\cos(x) dx
\]

Integrieren auf beiden Seiten ergibt:
\[
\ln|u| = -\sin(x) + C_1
\]

wobei \(C_1\) eine Integrationskonstante ist. Durch Anwenden der Exponentialfunktion auf beiden Seiten erhalten wir:
\[
u(x) = e^{-\sin(x) + C_1} = e^{C_1}e^{-\sin(x)} = Ce^{-\sin(x)}
\]

wobei \(C = e^{C_1}\) eine neue Integrationskonstante ist.

Nun betrachten wir die inhomogene Gleichung:
\[
u^{\prime}(x)+\cos (x) u(x) = \frac{1}{2} \sin (2 x)
\]

Die partikuläre Lösung dieser Gleichung kann durch Variation der Konstanten oder die Methode der unbestimmten Koeffizienten gefunden werden. Die allgemeine Lösung der inhomogenen Gleichung ist dann die Summe der homogenen Lösung und der partikulären Lösung:
\[
u(x) = Ce^{-\sin(x)} + u_p(x)
\]

wobei \(u_p(x)\) die partikuläre Lösung der inhomogenen Gleichung ist.",5.807657957077026
158,"Berechnen Sie die Determinanten der folgenden reellen Matrizen:
\[
\mathbf{A}=\left(\begin{array}{llll}
1 & 2 & 0 & 0 \\
2 & 1 & 0 & 0 \\
0 & 0 & 3 & 4 \\
0 & 0 & 4 & 3
\end{array}\right)
","Die Determinante einer $4 \times 4$-Matrix kann mit dem Laplace-Entwicklungssatz berechnet werden. Wir wählen die erste Zeile zur Entwicklung:

\[
\text{det}(\mathbf{A}) = 1 \cdot \text{det}\left(\begin{array}{lll}
1 & 0 & 0 \\
0 & 3 & 4 \\
0 & 4 & 3
\end{array}\right) - 2 \cdot \text{det}\left(\begin{array}{lll}
2 & 0 & 0 \\
0 & 3 & 4 \\
0 & 4 & 3
\end{array}\right)
\]

Nun berechnen wir die Determinanten der $3 \times 3$-Matrizen:

\[
\text{det}\left(\begin{array}{lll}
1 & 0 & 0 \\
0 & 3 & 4 \\
0 & 4 & 3
\end{array}\right) = 1 \cdot \text{det}\left(\begin{array}{ll}
3 & 4 \\
4 & 3
\end{array}\right) = 1 \cdot (3 \cdot 3 - 4 \cdot 4) = -7
\]

\[
\text{det}\left(\begin{array}{lll}
2 & 0 & 0 \\
0 & 3 & 4 \\
0 & 4 & 3
\end{array}\right) = 2 \cdot \text{det}\left(\begin{array}{ll}
3 & 4 \\
4 & 3
\end{array}\right) = 2 \cdot (3 \cdot 3 - 4 \cdot 4) = -14
\]

Setzen wir diese Werte in die ursprüngliche Formel ein:

\[
\text{det}(\mathbf{A}) = 1 \cdot (-7) - 2 \cdot (-14) = -7 + 28 = 21
\]

Also ist die Determinante der Matrix $\mathbf{A}$ gleich 21.",7.458923101425171
159,"Berechnen Sie die Determinanten der folgenden reellen Matrizen:
\quad \mathbf{B}=\left(\begin{array}{lllll}
2 & 0 & 0 & 0 & 2 \\
0 & 2 & 0 & 2 & 0 \\
0 & 0 & 2 & 0 & 0 \\
0 & 2 & 0 & 2 & 0 \\
2 & 0 & 0 & 0 & 2
\end{array}\right)
\]
","Um die Determinante der Matrix $\mathbf{B}$ zu berechnen, können wir die Laplace-Entwicklung entlang einer Zeile oder Spalte verwenden. Da die Matrix symmetrisch ist, bietet es sich an, die Entwicklung entlang der ersten Zeile durchzuführen:

\[
\text{det}(\mathbf{B}) = 2 \cdot \text{det}\left(\begin{array}{llll}
2 & 0 & 2 & 0 \\
0 & 2 & 0 & 0 \\
2 & 0 & 2 & 0 \\
0 & 2 & 0 & 2
\end{array}\right)
\]

Nun können wir die Determinante dieser $4 \times 4$-Matrix berechnen, indem wir sie in kleinere $2 \times 2$-Matrizen aufteilen:

\[
\text{det}(\mathbf{B}) = 2 \cdot \text{det}\left(\begin{array}{ll}
2 & 2 \\
2 & 2
\end{array}\right) \cdot \text{det}\left(\begin{array}{ll}
2 & 0 \\
0 & 2
\end{array}\right)
\]

Die Determinanten der $2 \times 2$-Matrizen sind einfach zu berechnen:

\[
\text{det}\left(\begin{array}{ll}
2 & 2 \\
2 & 2
\end{array}\right) = 2 \cdot 2 - 2 \cdot 2 = 0
\]

\[
\text{det}\left(\begin{array}{ll}
2 & 0 \\
0 & 2
\end{array}\right) = 2 \cdot 2 - 0 \cdot 0 = 4
\]

Setzen wir diese Werte in die vorherige Gleichung ein, erhalten wir:

\[
\text{det}(\mathbf{B}) = 2 \cdot 0 \cdot 4 = 0
\]

Daher ist die Determinante der Matrix $\mathbf{B}$ gleich 0.",9.627936124801636
160,"Geben Sie die Eigenwerte und Eigenvektoren der folgenden Matrix an:
\( \mathbf{A}=\left(\begin{array}{cc}3 & -1 \\ 1 & 1\end{array}\right) \in \mathbb{R}^{2 \times 2} \)
","Um die Eigenwerte und Eigenvektoren der Matrix \( \mathbf{A} \) zu bestimmen, lösen wir die Gleichung \( \text{det}(\mathbf{A} - \lambda \mathbf{I}) = 0 \), wobei \( \lambda \) die Eigenwerte sind und \( \mathbf{I} \) die Einheitsmatrix ist.

\( \text{det}(\mathbf{A} - \lambda \mathbf{I}) = \text{det}\left(\begin{array}{cc}3-\lambda & -1 \\ 1 & 1-\lambda\end{array}\right) = (3-\lambda)(1-\lambda) - (-1)(1) = \lambda^2 - 4\lambda + 4 = (\lambda - 2)^2 \)

Daraus ergibt sich, dass der einzige Eigenwert \( \lambda = 2 \) ist.

Um die Eigenvektoren zu bestimmen, setzen wir \( \lambda = 2 \) in die Gleichung \( (\mathbf{A} - \lambda \mathbf{I})\mathbf{v} = \mathbf{0} \) ein und lösen sie. 

Für \( \lambda = 2 \) erhalten wir:

\( \left(\begin{array}{cc}1 & -1 \\ 1 & -1\end{array}\right) \left(\begin{array}{c}v_1 \\ v_2\end{array}\right) = \left(\begin{array}{c}0 \\ 0\end{array}\right) \)

Dies führt zu der Gleichung \( v_1 = v_2 \), also ist der Eigenvektor \( \mathbf{v} = \begin{pmatrix} 1 \\ 1 \end{pmatrix} \).

Zusammenfassend sind die Eigenwerte der Matrix \( \mathbf{A} \) \( \lambda = 2 \) und der entsprechende Eigenvektor ist \( \mathbf{v} = \begin{pmatrix} 1 \\ 1 \end{pmatrix} \).",7.2779600620269775
173,"Bestimmen Sie alle kritischen Punkte der folgenden Differenzialgleichungssysteme.
(a)
\[
\begin{array}{l}
x_{1}^{\prime}(t)=x_{1}(t)+\left(x_{2}(t)\right)^{2} \\
x_{2}^{\prime}(t)=x_{1}(t)+x_{2}(t)
\end{array}
\]
","Um die kritischen Punkte zu bestimmen, setzen wir die Ableitungen der Funktionen gleich null und lösen das Gleichungssystem:

1. $x_{1}'(t) = x_{1}(t) + (x_{2}(t))^2 = 0$
2. $x_{2}'(t) = x_{1}(t) + x_{2}(t) = 0$

Aus der ersten Gleichung erhalten wir $x_{1}(t) = -(x_{2}(t))^2$. Setzen wir dies in die zweite Gleichung ein, erhalten wir $-(x_{2}(t))^2 + x_{2}(t) = 0$. Dies ist eine quadratische Gleichung, die gelöst werden kann:

$-(x_{2}(t))^2 + x_{2}(t) = 0$

$x_{2}(t)(x_{2}(t) - 1) = 0$

$x_{2}(t) = 0$ oder $x_{2}(t) = 1$

Für $x_{2}(t) = 0$ erhalten wir aus $x_{1}(t) = -(x_{2}(t))^2$ den Wert $x_{1}(t) = 0$.

Für $x_{2}(t) = 1$ erhalten wir aus $x_{1}(t) = -(x_{2}(t))^2$ den Wert $x_{1}(t) = -1$.

Also sind die kritischen Punkte des Systems $(0,0)$ und $(-1,1)$.",5.655447959899902
184,1+3+2+1+4+6+7+8+9+9+5+4-7+2=?,50,2.357957124710083
190,"A hotel comprises 67 floors above ground and 4 floors below ground. A guest parks on floor -3, in the basement, and is staying on the 43rd floor of the hotel. How many floors must he go up to get from his car to his hotel room?","The guest must go up 46 floors to get from his car on floor -3 to his hotel room on the 43rd floor. 

Since the guest is on floor -3 and his room is on the 43rd floor, he must go up 3 floors to reach the ground floor, then go up 67 floors to reach the top floor, and finally go down 4 floors to reach the 43rd floor. 

Therefore, the total number of floors he must go up is 3 + 67 - 4 = 66 floors.",2.157838821411133
197,"A person walks along a beach, starting at point A, at a rate of 3 mi/h and at point B, goes into the water and swims at a rate of 2 mi/h diagonally out to an island that is a distance of √3 miles from point C, directly across from the island on the shore, as shown in the picture. The total distance from point A to point C is 3 miles. There are two different choices for the distance, in miles, from point A to point B that will result in a total time for walking and swimming of one hour and 40 minutes; what is the sum of those numbers?","Let the distance from point A to point B be x miles. Then the distance from point B to point C is 3 - x miles.

The time it takes to walk from point A to point B is x/3 hours, and the time it takes to swim from point B to point C is (3 - x)/2 hours.

The total time is x/3 + (3 - x)/2 = 1 hour and 40 minutes = 8/3 hours.

Multiplying through by 6 to clear the fractions, we get:

2x + 3(3 - x) = 16
2x + 9 - 3x = 16
-x = 7
x = -7

Since x must be positive, we discard the negative solution.

Therefore, the distance from point A to point B is 7 miles. The other possible distance is 3 - 7 = -4 miles, which is not possible.

The sum of the two possible distances is 7 miles.",3.4602489471435547
204," Three of the robots, all from different models, have missing model IDs: 
- Rae is not the newest. 
- Knuck is the oldest. 
- Lex is not the oldest.
 What's the correct order from the newest to the oldest?
","The correct order from newest to oldest is: 
1. Lex 
2. Rae 
3. Knuck",0.9241800308227539
205,Susan and Lisa decided to play tennis against each other. They bet $1 on each game they played. Susan won three bets and Lisa won $5. How many games did they play?,"Let's break it down:

Susan won 3 games, so she won $3 from Lisa.
Lisa won $5 from Susan.

Since they bet $1 on each game, the difference in their winnings must be equal to the number of games they played.

$5 - $3 = 2

Therefore, they played 2 games.",1.7195990085601807
208,"A girl meets a lion and unicorn in the forest. The lion lies every Monday, Tuesday and Wednesday and the other days he speaks the truth. The unicorn lies on Thursdays, Fridays and Saturdays, and the other days of the week he speaks the truth. “Yesterday I was lying,” the lion told the girl. “So was I,” said the unicorn. What day is it?","It is Thursday. 

If the lion is lying, then it must be Monday, Tuesday, or Wednesday. But if the unicorn is also lying, then it cannot be Monday, Tuesday, or Wednesday. Therefore, it must be Thursday.",1.155822992324829
209," All knights are brave.
All skilled people have done practice.
Therefore, some knights have done
practice.

 Is this argument valid?
","Yes, the argument is valid. The conclusion logically follows from the premises given.",0.768435001373291
